SMILES,LABEL
[H]c1nc([H])c(N([H])c2nc([H])c3c([H])c([H])c(-c4c(F)c([H])c([H])c([H])c4F)nn23)c(N2C([H])([H])[C@@]([H])(N([H])[H])C([H])([H])[C@@]([H])(C([H])([H])[H])C2([H])[H])c1[H],1.0
[H]c1c([H])c([H])c(-c2nc3c(oc4c([H])c([H])c(OC(F)(F)F)c([H])c43)c(=O)n2[H])c(Cl)c1[H],0.0
[H]c1c([H])c([H])c(-c2nc3c(oc4c([H])c([H])c(N([H])[H])c([H])c43)c(=O)n2[H])c(Cl)c1[H],0.0
[H]c1c([H])c(-c2nc3c(oc4c([H])c([H])c(Br)c([H])c43)c(=O)n2[H])c(Cl)c([H])c1C(=O)N([H])C([H])([H])C([H])([H])N1C([H])([H])C([H])([H])C([H])([H])C([H])([H])C1([H])[H],1.0
[H]/C(=C1/SC(=O)N([H])C1=O)c1c([H])c([H])c([H])c(OC([H])([H])[H])c1N1C([H])([H])C([H])([H])C([H])([H])[C@@]([H])(N([H])[H])C1([H])[H],1.0
[H]c1c([H])c(N2C([H])([H])C([H])([H])N([H])C([H])([H])C2([H])[H])c([H])c([H])c1-c1c([H])c2c(Cl)c([H])c(C(=O)N([H])[H])nc2n1C([H])([H])[H],0.0
[H]/C(=C1/SC(=O)N([H])C1=O)c1c([H])c([H])c([H])c(Cl)c1N1C([H])([H])C([H])([H])C([H])([H])[C@@]([H])(N([H])[H])C1([H])[H],1.0
[H]c1c([H])c(OC(F)(F)F)c([H])c(-n2nnc3c([H])c([H])c(N([H])C4([H])C([H])([H])C([H])([H])N([H])C([H])([H])C4([H])[H])nc32)c1[H],1.0
[H]c1c([H])c(OC(F)(F)F)c([H])c(-n2nnc3c([H])c([H])c(N([H])C([H])([H])C4([H])C([H])([H])C5(C([H])([H])C([H])([H])N([H])C([H])([H])C5([H])[H])C4([H])[H])nc32)c1[H],1.0
[H]c1c([H])c([H])c(-c2nc3c(oc4c([H])c([H])c(C([H])([H])[H])c([H])c43)c(=O)n2[H])c(Cl)c1[H],0.0
[H]c1c([H])c([H])c(-c2nc3c(oc4c([H])c([H])c(C#N)c([H])c43)c(=O)n2[H])c(Cl)c1[H],0.0
[H]c1c([H])c(C([H])([H])N([H])[H])c([H])c(Cl)c1-c1nc2c(oc3c([H])c([H])c(Br)c([H])c32)c(=O)n1[H],1.0
[H]c1nc([H])c(-c2c([H])c([H])c3c(c2[H])c(-c2nc(N([H])[H])nc([H])c2[H])c([H])n3[H])nc1OC([H])([H])C([H])([H])C([H])([H])N(C([H])([H])C([H])([H])[H])C([H])([H])C([H])([H])[H],1.0
[H]c1nn2c(-c3nc4c(N([H])C([H])([H])C5([H])C([H])([H])C([H])([H])N([H])C([H])([H])C5([H])[H])c([H])c([H])c([H])c4c([H])c3[H])nnc2c2c1N(C([H])([H])C([H])([H])Oc1c([H])c([H])c([H])c([H])c1[H])C([H])([H])C([H])([H])O2,0.0
[H]c1c(OC([H])([H])[H])c([H])c2c([H])nc3c([N+](=O)[O-])c([H])c4c(c([H])nn4[H])c3c2c1[H],0.0
[H]c1c([H])c([H])c(-c2c([H])n([H])c3c([N+](=O)[O-])c([H])c4c([H])nn([H])c4c23)c([H])c1[H],0.0
[H]c1nc([H])c(-c2c([H])c([H])c3c(c2[H])c(-c2nc(N([H])[H])nc([H])c2[H])c([H])n3[H])nc1OC([H])([H])C([H])([H])C([H])([H])N(C([H])([H])[H])C([H])([H])[H],1.0
[H]c1nc2c([H])c([H])c(N([H])C([H])([H])C3([H])C([H])([H])C([H])([H])N(C([H])([H])[H])C([H])([H])C3([H])[H])nn2c1-c1c([H])c([H])c([H])c(OC(F)(F)F)c1[H],1.0
[H]c1nc([H])c(N([H])C([H])([H])C([H])([H])N(C([H])([H])[H])C([H])([H])[H])nc1-c1c([H])c([H])c2c(c1[H])c(-c1c([H])c([H])c(C([H])([H])[H])c([H])c1[H])c([H])n2[H],1.0
[H]C(=O)c1c([H])n([H])c2c1c([H])c([H])c1c3c([H])c(Br)c([H])c([H])c3n([H])c12,1.0
[H]c1c([H])c([H])c(-c2nc3c(oc4c([H])c([H])c(C(F)(F)F)c([H])c43)c(=O)n2[H])c(Cl)c1[H],0.0
[H]c1nc([H])c(N([H])C2([H])C([H])([H])C([H])([H])C([H])([H])C2([H])[H])nc1-c1c([H])n([H])c2c([H])c([H])c(-c3nnc(N([H])[H])s3)c([H])c12,1.0
[H]C(=O)c1c([H])n2c3c1c([H])c([H])c1c4c([H])c([H])c([H])c([H])c4n(c13)C([H])([H])C([H])([H])C([H])([H])C2([H])[H],1.0
[H]c1nc([H])c(-c2c([H])c([H])c3c(c2[H])c(-c2c([H])c([H])c(N4C([H])([H])C([H])([H])N([H])C([H])([H])C4([H])[H])c([H])c2[H])c([H])n3[H])nc1[H],0.0
[H]c1nc(N([H])[H])sc1-c1c([H])c([H])c2c(c(-c3c([H])nc4c([H])c([H])c([H])c([H])c4c3[H])nn2[H])c1[H],1.0
[H]c1c(-c2c([H])n([H])c3c([H])c([H])c(-c4nnc(N([H])[H])s4)c([H])c23)nc(N2C([H])([H])C([H])([H])C([H])([H])C2([H])[H])c([H])c1[H],1.0
[H]c1c(-c2c([H])n([H])c3c([H])c([H])c(-c4nnc(N([H])[H])s4)c([H])c23)nc(N([H])C2([H])C([H])([H])C([H])([H])C([H])([H])C([H])([H])C2([H])[H])c([H])c1[H],1.0
[H]c1nc([H])c(N2C([H])([H])C([H])([H])C([H])(N([H])[H])C2([H])[H])nc1-c1nn([H])c2c([H])c([H])c(-c3c(F)c([H])c([H])c([H])c3F)c([H])c12,1.0
[H]c1nc([H])c(N2C([H])([H])C([H])([H])N([H])C([H])([H])C2([H])[H])nc1-c1nn([H])c2c([H])c([H])c(-c3c(F)c([H])c([H])c([H])c3F)c([H])c12,1.0
[H]c1c(OC2([H])C([H])([H])C([H])([H])C([H])([H])C([H])([H])C2([H])[H])nc(-c2c([H])n([H])c3c([H])c([H])c(-c4nnc(N([H])[H])s4)c([H])c23)c([H])c1[H],1.0
[H]/C(=C1/SC(=O)N([H])C1=O)c1c([H])c([H])c([H])c(-c2c([H])c([H])nc([H])c2[H])c1N1C([H])([H])C([H])([H])C([H])([H])[C@@]([H])(N([H])[H])C1([H])[H],1.0
[H]/C(=C1\C(=O)N([H])c2c([H])c([H])c(Cl)c([H])c21)c1oc(-c2c([H])c([H])c([H])c(C(=O)N3C([H])([H])C([H])([H])N(C([H])([H])[H])C([H])([H])C([H])([H])C3([H])[H])c2[H])c([H])c1[H],1.0
CN1CCC(CNc2ccc3ncc(-c4cccc(OC(F)(F)F)c4)n3n2)CC1.O=S(=O)(O)O,1.0
[H]c1c([H])c(OC(F)(F)F)c([H])c(-n2nnc3c([H])c([H])c(N([H])C4([H])C([H])([H])C5(C([H])([H])C([H])([H])N([H])C([H])([H])C5([H])[H])C4([H])[H])nc32)c1[H],1.0
[H]c1c([H])c([H])c(-c2c([H])c([H])c([H])c3c(=O)c([H])c(N4C([H])([H])C([H])([H])OC([H])([H])C4([H])[H])oc23)c([H])c1[H],0.0
[H]C(=O)c1c([H])n([H])c2c1c([H])c([H])c1c3c([H])c([H])c([H])c(C(=O)OC([H])([H])[H])c3n([H])c12,1.0
[H]c1nn2c(-c3c([H])c([H])c4c([H])c([H])nc(N([H])C5([H])C([H])([H])C([H])([H])C([H])([H])C([H])([H])C5([H])[H])c4c3[H])nnc2c2c1N(C([H])([H])[H])C([H])([H])C([H])([H])O2,0.0
[H]c1c(-c2c([H])n([H])c3c([H])c([H])c(-c4nnc(N([H])[H])s4)c([H])c23)nc(N2C([H])([H])C([H])([H])OC([H])([H])C2([H])[H])c([H])c1[H],1.0
[H]c1nc([H])c(N2C([H])([H])C([H])([H])N([H])C([H])([H])C([H])([H])C2([H])[H])nc1-c1c([H])c([H])c2c(c1[H])c(-c1c([H])c([H])c([H])c([H])c1F)c([H])n2[H],1.0
[H]c1nc([H])c(N([H])C([H])([H])C([H])([H])N(C([H])([H])[H])C([H])([H])[H])nc1-c1c([H])c([H])c2c(c1[H])c(-c1c([H])c([H])c(OC([H])([H])[H])c([H])c1[H])c([H])n2[H],1.0
[H]c1nc([H])c(N([H])C([H])([H])C([H])([H])N(C([H])([H])[H])C([H])([H])[H])nc1-c1c([H])c([H])c2c(c1[H])c(-c1c([H])c([H])c(OC(F)(F)F)c([H])c1[H])c([H])n2[H],0.0
[H]c1nc([H])c(N([H])C([H])([H])C([H])([H])N(C([H])([H])[H])C([H])([H])[H])nc1-c1c([H])c([H])c2c(c1[H])c(-c1c([H])c([H])c(F)c([H])c1[H])c([H])n2[H],1.0
[H]c1nc([H])c(-c2c([H])c([H])c3c(c2[H])c(-c2c(F)nc(N([H])[H])c([H])c2[H])c([H])n3[H])nc1[H],0.0
[H]c1nc([H])c2c(c(N([H])c3c([H])c([H])c([H])c([H])c3Cl)nc3c(-c4nnc([H])n4[H])c([H])c([H])c([H])c32)c1[H],1.0
[H]c1nn2c(-c3nc4c(N([H])C([H])([H])C5([H])C([H])([H])C([H])([H])N([H])C([H])([H])C5([H])[H])c([H])c([H])c([H])c4c([H])c3[H])nnc2c2c1N(C([H])([H])C([H])([H])C([H])([H])[H])C([H])([H])C([H])([H])O2,1.0
[H]c1c(Br)c([H])c2c3c([H])c([H])c4c([H])c([H])n([H])c4c3n([H])c2c1[H],0.0
[H]c1nn2c(-c3nc4c(N([H])C([H])([H])C5(F)C([H])([H])C([H])([H])N([H])C([H])([H])C5([H])[H])c([H])c([H])c(F)c4c([H])c3[H])nnc2c2c1N(C([H])([H])[H])C([H])([H])C([H])([H])O2,1.0
[H]c1nn2c(-c3nc4c(N([H])C([H])([H])C5(F)C([H])([H])C([H])([H])N([H])C([H])([H])C5([H])[H])c([H])c(F)c([H])c4c([H])c3[H])nnc2c2c1N(C([H])([H])[H])C([H])([H])C([H])([H])O2,1.0
[H]C(=O)c1c([H])n([H])c2c1c([H])c([H])c1c3c([H])c([H])c([H])c(C(F)(F)F)c3n([H])c12,1.0
[H]c1c(Br)c([H])c2c(oc3c(=O)n([H])c(C([H])(N4C([H])([H])C([H])([H])N(C([H])([H])[H])C([H])([H])C4([H])[H])C([H])([H])[H])nc32)c1[H],1.0
[H]c1c(C2([H])C([H])([H])C2([H])[H])c([H])c2c(oc3c(=O)n([H])c(C([H])([H])N4C([H])([H])C([H])([H])N(C([H])([H])[H])C([H])([H])C4([H])[H])nc32)c1[H],0.0
[H]c1c([H])c(Cl)c(Cl)c(-c2nc3c(oc4c([H])c([H])c(Br)c([H])c43)c(=O)n2[H])c1[H],1.0
[H]c1c(Br)c([H])c2c(oc3c(=O)n([H])c(C([H])([H])N4C([H])([H])[C@@]5([H])N(C([H])([H])[H])C([H])([H])[C@]4([H])C5([H])[H])nc32)c1[H],1.0
[H]c1c(Cl)c([H])c2c(oc3c(=O)n([H])c(C([H])([H])N4C([H])([H])C([H])([H])N(C([H])([H])[H])C([H])([H])C4([H])[H])nc32)c1[H],1.0
[H]c1c(C(=O)C([H])([H])[H])c([H])c2c(oc3c(=O)n([H])c(C([H])([H])N4C([H])([H])C([H])([H])N(C([H])([H])[H])C([H])([H])C4([H])[H])nc32)c1[H],0.0
[H]c1c([H])c([H])c(-c2nc3c(oc4c([H])c(OC([H])([H])[H])c([H])c([H])c43)c(=O)n2[H])c(Cl)c1[H],0.0
[H]c1nc([H])c2c(c(N([H])c3c([H])c([H])c(OC([H])([H])C([H])([H])N4C([H])([H])C([H])([H])OC([H])([H])C4([H])[H])c([H])c3Cl)nc3c(-c4nnc([H])n4[H])c([H])c([H])c([H])c32)c1[H],0.0
[H]c1nc([H])c2c(c(N([H])c3c([H])c([H])c(OC([H])([H])C([H])([H])N4C([H])([H])C([H])([H])C([H])([H])C4([H])[H])c([H])c3F)nc3c(-c4nnc([H])n4[H])c([H])c([H])c([H])c32)c1[H],1.0
[H]c1c([H])c(C([H])([H])N([H])C2([H])C([H])([H])C([H])([H])N([H])C([H])([H])C2([H])[H])c([H])c(Cl)c1-c1nc2c(oc3c([H])c([H])c(Br)c([H])c32)c(=O)n1[H],1.0
[H]c1c(Br)c([H])c2c(oc3c(=O)n([H])c(C([H])([H])N4C([H])([H])C([H])([H])[C@@]([H])(N([H])[H])C4([H])[H])nc32)c1[H],1.0
[H]O[C@@]1([H])C([H])([H])N(C([H])([H])c2nc3c(oc4c([H])c([H])c(Br)c([H])c43)c(=O)n2[H])C([H])([H])C1([H])[H],1.0
[H]c1c([H])c(-c2nc3c(oc4c([H])c([H])c(Br)c([H])c43)c(=O)n2[H])c(Cl)c([H])c1Cl,1.0
[H]OC1([H])C([H])([H])N(C([H])([H])c2nc3c(oc4c([H])c([H])c(Br)c([H])c43)c(=O)n2[H])C1([H])[H],1.0
[H]c1c([H])c([H])c(-c2c(C([H])([H])C([H])([H])[H])n([H])c3c([N+](=O)[O-])c([H])c4c([H])nn([H])c4c23)c([H])c1[H],0.0
C[Si](C)(C)c1cc2c([nH]1)c([N+](=O)[O-])cc1cn[nH]c12,0.0
[H]c1nc([H])c(C(=O)N([H])c2c([H])c(Cl)c([H])c3c4c([H])c([H])nc([H])c4n([H])c23)c([H])c1[H],0.0
[H]c1nc([H])c(N([H])C([H])([H])C([H])([H])N(C([H])([H])[H])C([H])([H])[H])nc1-c1c([H])c([H])c2c(c1[H])c(-c1c([H])c([H])c([H])c(C(F)(F)F)c1[H])c([H])n2[H],1.0
[H]c1nc([H])c(N([H])C([H])([H])C([H])([H])N(C([H])([H])[H])C([H])([H])[H])nc1-c1c([H])c([H])c2c(c1[H])c(-c1c([H])c([H])c([H])c(N([H])[H])c1[H])c([H])n2[H],1.0
CC(=O)O.O=C(O)c1ccc2c3c1cccc3c(=O)n1c3ccccc3nc21,1.0
[H]/C(=C1/Oc2c(c([H])c([H])c(OC([H])([H])[H])c2C([H])([H])N2C([H])([H])C([H])([H])N([H])[C@@]([H])(C([H])([H])[H])C2([H])[H])C1=O)c1nn([H])c2nc([H])c([H])c([H])c12,1.0
[H]c1c(OC([H])([H])[H])c([H])c2c3c4c(c([H])nn4[H])c([H])c(N([H])[H])c3n([H])c2c1[H],0.0
[H]OC([H])([H])c1c([H])c([H])c(-c2c(-c3c([H])c([H])c(N4C([H])([H])C([H])([H])N([H])C([H])([H])C4([H])[H])c([H])c3[H])n(C([H])([H])[H])c3nc([H])c([H])c(Cl)c23)c([H])c1[H],0.0
[H]OC([H])([H])c1nnn(C([H])([H])C([H])([H])C([H])([H])C([H])([H])n2c3c([H])c([H])c([H])c([H])c3c3c([H])c([H])c4c(C([H])=O)c([H])n([H])c4c32)c1[H],0.0
[H]/C(=C1/SC(=O)N([H])C1=O)c1c([H])c([H])c([H])c([H])c1N1C([H])([H])C([H])([H])N([H])C([H])([H])C1([H])[H],1.0
[H]/C(=C1/SC(=O)N([H])C1=O)c1c([H])c([H])c([H])c([H])c1N1C([H])([H])C([H])([H])C([H])(N(C([H])([H])[H])C([H])([H])[H])C1([H])[H],0.0
[H]/C(=C1/SC(=O)N([H])C1=O)c1c([H])c([H])c(OC([H])([H])[H])c(OC([H])([H])[H])c1[H],0.0
[H]c1c([H])c([H])c2c(c1[H])c1c3c([H])nn([H])c3c([H])c([N+](=O)[O-])c1n2[H],1.0
[H]c1nn2c(-c3nc4c(N([H])C5([H])C([H])([H])C([H])([H])N([H])C([H])([H])C5([H])[H])c([H])c([H])c([H])c4c([H])c3[H])nnc2c2c1N(C([H])([H])[H])C([H])([H])C([H])([H])O2,1.0
[H]c1c([H])c(OC(F)(F)F)c([H])c(-n2nnc3c(OC([H])([H])[H])c([H])c(N([H])C([H])([H])C4([H])C([H])([H])C([H])([H])N([H])C([H])([H])C4([H])[H])nc32)c1[H],1.0
[H]c1nn2c(-c3nc4c(N([H])C([H])([H])C5([H])C([H])([H])C([H])([H])N([H])C([H])([H])C5([H])[H])c([H])c([H])c([H])c4c([H])c3[H])nnc2c2c1N(C([H])([H])[H])C([H])([H])C([H])([H])O2,1.0
[H]c1c([H])c([H])c(-c2nc3c(oc4c([H])c([H])c(Br)c([H])c43)c(=O)n2[H])c(Cl)c1[H],1.0
[H]c1c(I)c([H])c2c(oc3c(=O)n([H])c(C([H])([H])N4C([H])([H])C([H])([H])N(C([H])([H])[H])C([H])([H])C4([H])[H])nc32)c1[H],1.0
CC(=O)O.CNc1nc(Nc2cnc(C#N)c(O[C@@H]3CCCNC3)c2)ncc1-c1cnn(C)c1,0.0
[H]c1nn2c(-c3nc4c(N([H])C([H])([H])C5([H])C([H])([H])C([H])([H])N([H])C([H])([H])C5([H])[H])c([H])c([H])c([H])c4c([H])c3[H])nnc2c2c1N(C([H])([H])C([H])([H])[H])C([H])([H])C([H])([H])O2,1.0
[H]c1nc(N([H])C([H])([H])C([H])([H])c2c([H])nc([H])c([H])c2[H])nc(/C(C#N)=C2/Sc3c([H])c([H])c([H])c([H])c3N2[H])c1[H],1.0
[H]C(=O)c1c([H])n([H])c2c1c([H])c([H])c1c3c([H])c([H])c([H])c(C([H])([H])C([H])([H])[H])c3n([H])c12,1.0
[H]c1c([H])c(F)c(-c2c([H])n([H])c3c([H])c([H])c(-c4nnc(N([H])[H])s4)c([H])c23)c(F)c1[H],1.0
[H]c1nc([H])c(N2C([H])([H])C([H])([H])C([H])([H])C2([H])[H])nc1-c1c([H])n([H])c2c([H])c([H])c(-c3nnc(N([H])[H])s3)c([H])c12,1.0
[H]c1nc([H])c(-c2nn([H])c3c([H])c([H])c(-c4c(F)c([H])c([H])c([H])c4F)c([H])c23)nc1OC1([H])C([H])([H])C([H])([H])N([H])C([H])([H])C1([H])[H],1.0
[H]C([H])=C1C([H])([H])C([H])([H])N([H])C([H])([H])C1([H])Oc1nc(-c2nn([H])c3c([H])c([H])c(-c4c(F)c([H])c([H])c([H])c4F)c([H])c23)c([H])nc1[H],1.0
[H]O[C@]1([H])C([H])([H])C([H])([H])[C@@]([H])(N([H])c2nc3c(nnn3-c3c([H])c([H])c([H])c(OC(F)(F)F)c3[H])c([H])c2[H])C([H])([H])C1([H])[H],1.0
[H]/C(=C1/SC(=O)N([H])C1=O)c1c([H])c([H])c([H])c(OC([H])([H])C([H])([H])[H])c1N1C([H])([H])C([H])([H])C([H])([H])[C@@]([H])(N([H])[H])C1([H])[H],1.0
[H]c1nc([H])c(-c2c([H])c([H])c3c(c2[H])c(-c2nc(N([H])[H])nc([H])c2[H])c([H])n3[H])nc1OC([H])([H])C([H])([H])[H],1.0
[H]c1nc([H])c(-c2c([H])c([H])c3c(c2[H])c(-c2nc(N([H])[H])nc([H])c2[H])c([H])n3[H])nc1OC([H])([H])C([H])([H])N(C([H])([H])[H])C([H])([H])[H],1.0
[H]c1nc([H])c(N([H])C([H])([H])C([H])([H])N(C([H])([H])[H])C([H])([H])[H])nc1-c1c([H])c([H])c2c(c1[H])c(-c1nc(N([H])[H])nc([H])c1[H])c([H])n2[H],1.0
[H]c1c([H])c(N([H])C(=O)C([H])([H])C([H])([H])N2C([H])([H])C([H])([H])C([H])([H])C([H])([H])C2([H])[H])c([H])c(Cl)c1-c1nc2c(oc3c([H])c([H])c(Br)c([H])c32)c(=O)n1[H],1.0
[H]c1nc([H])c(-c2nn([H])c3c([H])c([H])c(-c4c(F)c([H])c([H])c([H])c4F)c([H])c23)nc1OC1([H])C([H])([H])N([H])C([H])([H])C([H])([H])C12C([H])([H])C2([H])[H],1.0
[H]C(=O)c1c([H])n([H])c2c1c([H])c([H])c1c3c([H])c([H])c([H])c([H])c3n([H])c12,1.0
[H]c1c([H])c(Cl)c(-c2nc3c(oc4c([H])c([H])c(Br)c([H])c43)c(=O)n2[H])c([H])c1F,1.0
[H]c1c(Br)c([H])c2c(oc3c(=O)n([H])c(C([H])([H])N4C([H])([H])C([H])([H])C([H])([H])C([H])([H])C4([H])[H])nc32)c1[H],1.0
[H]c1c(Br)c([H])c2c(oc3c(=O)n([H])c(C([H])([H])N4C([H])([H])[C@@]5([H])N(C([H])([H])[H])C([H])([H])[C@]4([H])C([H])([H])C5([H])[H])nc32)c1[H],1.0
[H]c1nc([H])c(N([H])C(=O)c2nc(-c3c(F)c([H])c([H])c([H])c3F)sc2[H])c(OC2([H])C([H])([H])C([H])([H])C([H])([H])C([H])([H])C2([H])[H])c1[H],1.0
[H]OC([H])([H])C([H])([H])N([H])c1nc([H])nc2c1c(-c1c([H])c([H])c(C(=O)N([H])[H])c([H])c1[H])c([H])n2[H],1.0
[H]c1c(-c2c([H])n([H])c3c([H])c([H])c(-c4nnc(N([H])[H])s4)c([H])c23)nc(N([H])[H])c([H])c1[H],0.0
[H]c1nc([H])c(N([H])[H])nc1-c1c([H])n([H])c2c([H])c([H])c(-c3nnc(N([H])[H])s3)c([H])c12,1.0
[H]c1c(OC2([H])C([H])([H])C([H])([H])C([H])([H])C2([H])[H])nc(-c2c([H])n([H])c3c([H])c([H])c(-c4nnc(N([H])[H])s4)c([H])c23)c([H])c1[H],1.0
[H]c1nc([H])c(N([H])C(=O)c2nc(-c3c(F)c([H])c([H])c([H])c3F)c([H])c([H])c2[H])c(OC2([H])C([H])([H])C([H])([H])N([H])C([H])([H])C2([H])[H])c1[H],1.0
[H]c1c([H])c([H])c(-c2nc3c(oc4c([H])c([H])c(OC([H])([H])[H])c([H])c43)c(=O)n2[H])c(Cl)c1[H],1.0
[H]c1c([H])c(N2C([H])([H])C([H])([H])N([H])C([H])([H])C2([H])[H])c([H])c([H])c1-c1c(C([H])([H])[H])c2c(Cl)c([H])c(C(=O)N([H])[H])nc2n1C([H])([H])[H],0.0
[H]c1nc2c(c(Cl)c1[H])c(-c1c([H])c([H])c(C(=O)N([H])C3([H])C([H])([H])C([H])([H])N(C([H])([H])[H])C([H])([H])C3([H])[H])c([H])c1[H])c(-c1c([H])c([H])c(N3C([H])([H])C([H])([H])N(C([H])([H])[H])C([H])([H])C3([H])[H])c([H])c1[H])n2C([H])([H])[H],0.0
[H]c1c([H])c(-c2nc3c(oc4c([H])c([H])c(Br)c([H])c43)c(=O)n2[H])c(Cl)c([H])c1F,1.0
[H]c1nc([H])c(N([H])C(=O)c2nc(-c3c(F)c([H])c([H])c([H])c3F)sc2N([H])[H])c(O[C@]2([H])C([H])([H])N([H])C([H])([H])C2([H])[H])c1[H],1.0
[H]c1nn2c(-c3nc4c(N([H])C([H])([H])C5(F)C([H])([H])C([H])([H])N([H])C([H])([H])C5([H])[H])c([H])c([H])c([H])c4c([H])c3[H])nnc2c2c1N(C([H])([H])[H])C([H])([H])C([H])([H])O2,1.0
[H]c1nn2c(-c3nc4c(N([H])C5([H])C([H])([H])C([H])([H])C([H])([H])C([H])([H])C5([H])[H])c([H])c([H])c([H])c4c([H])c3[H])nnc2c2c1N(C([H])([H])[H])C([H])([H])C([H])([H])O2,0.0
[H]/C(=C1/Oc2c(c([H])c([H])c(OC([H])([H])[H])c2C([H])([H])N2C([H])([H])C([H])([H])N([H])C([H])([H])[C@]2([H])C([H])([H])[H])C1=O)c1nn([H])c2nc([H])c([H])c([H])c12,1.0
[H]/C(=C1/Oc2c(c([H])c([H])c(OC([H])([H])[H])c2C([H])([H])N2C([H])([H])C([H])([H])N([H])C([H])([H])C2([H])[H])C1=O)c1nn([H])c2nc([H])c([H])c([H])c12,1.0
[H]c1nn2c(-c3c([H])c([H])c4c([H])c([H])nc(N([H])C([H])([H])C5([H])C([H])([H])C([H])([H])N([H])C([H])([H])C5([H])[H])c4c3[H])nnc2c2c1N(C([H])([H])[H])C([H])([H])C([H])([H])O2,1.0
[H]c1c([H])c([H])c2c(c1[H])c1c([H])c([H])c3c(C(=O)C(F)(F)F)c([H])n([H])c3c1n2[H],0.0
[H]c1nc([H])c(N([H])C2([H])C([H])([H])C([H])([H])N([H])C([H])([H])C2([H])[H])nc1-c1nn([H])c2c([H])c([H])c(-c3c(F)c([H])c([H])c([H])c3F)c([H])c12,1.0
[H]c1nc([H])c(N2C([H])([H])C([H])([H])C([H])(N([H])[H])C([H])([H])C2([H])[H])nc1-c1nn([H])c2c([H])c([H])c(-c3c(F)c([H])c([H])c([H])c3F)c([H])c12,1.0
[H]c1nc([H])c(N([H])C2([H])C([H])([H])N([H])C([H])([H])C2([H])[H])nc1-c1nn([H])c2c([H])c([H])c(-c3c(F)c([H])c([H])c([H])c3F)c([H])c12,1.0
[H]c1c(Cl)c([H])c2c(c([H])nc3c([N+](=O)[O-])c([H])c4c(c([H])nn4[H])c32)c1[H],0.0
[H]c1sc(-c2c(F)c([H])c([H])c([H])c2F)nc1-c1c([H])c([H])c(C(=O)N([H])[H])c([H])c1[H],0.0
[H]c1nc2c([H])c([H])c([H])c([H])c2c([H])c1-c1c([H])n([H])c2c([H])c([H])c(-c3nnc(N([H])[H])s3)c([H])c12,0.0
[H]c1c(-c2c([H])n([H])c3c([H])c([H])c(-c4nnc(N([H])[H])s4)c([H])c23)nc(N([H])C2([H])C([H])([H])C([H])([H])C([H])([H])C2([H])[H])c([H])c1[H],1.0
[H]c1c([H])c(N(C([H])([H])[H])C([H])([H])[H])c([H])c(-n2nnc3c(OC([H])([H])[H])c([H])c(N([H])C([H])([H])C4([H])C([H])([H])C([H])([H])N([H])C([H])([H])C4([H])[H])nc32)c1[H],1.0
[H]c1c(OC([H])([H])[H])c([H])c2c3c4c([H])nn([H])c4c([H])c([N+](=O)[O-])c3n([H])c2c1[H],0.0
[H]c1c([H])c([H])c(-c2nc3c(oc4c([H])c([H])c(N([H])C(=O)C([H])([H])[H])c([H])c43)c(=O)n2[H])c(Cl)c1[H],0.0
[H]Oc1c([H])c([H])c2c(oc3c(=O)n([H])c(-c4c([H])c([H])c([H])c([H])c4Cl)nc32)c1[H],1.0
[H]c1c([H])c([H])c(-c2nc3c(oc4c([H])c([H])c([H])c(OC([H])([H])[H])c43)c(=O)n2[H])c(Cl)c1[H],0.0
[H]c1nc([H])c(-c2nn([H])c3c([H])c([H])c(-c4c(F)c([H])c([H])c([H])c4F)c([H])c23)nc1OC1([H])C([H])([H])N([H])C([H])([H])C([H])([H])C1(C([H])([H])[H])C([H])([H])[H],1.0
[H]c1nc([H])c(N([H])C2([H])C([H])([H])N([H])C([H])([H])C([H])([H])C2([H])[H])nc1-c1nn([H])c2c([H])c([H])c(-c3c(F)c([H])c([H])c([H])c3F)c([H])c12,1.0
[H]O[C@]1([H])C([H])([H])C([H])([H])[C@@]([H])(Oc2c([H])c([H])nc([H])c2N([H])C(=O)c2nc(-c3c(F)c([H])c([H])c([H])c3F)sc2[H])C([H])([H])C1([H])[H],1.0
[H]c1nc([H])c(N([H])c2c([H])c([H])c([H])c3sc(-c4c(F)c([H])c([H])c([H])c4F)nc23)c(O[C@]2([H])C([H])([H])N([H])C([H])([H])C2([H])[H])c1[H],1.0
[H]/C(=C1/Oc2c(c([H])c([H])c(OC([H])([H])[H])c2C([H])([H])N2C([H])([H])C([H])([H])N([H])C([H])([H])C2([H])[H])C1=O)c1c([H])n([H])c2nc([H])c([H])c([H])c12,1.0
[H]c1nc([H])c(N([H])C(=O)c2nc(-c3c(F)c([H])c([H])c([H])c3F)sc2[H])c(OC([H])([H])C2([H])C([H])([H])C([H])([H])OC([H])([H])C2([H])[H])c1[H],1.0
[H]c1nc([H])c(N2C([H])([H])C([H])([H])C([H])([H])C([H])(N([H])[H])C2([H])[H])nc1-c1nn([H])c2c([H])c([H])c(-c3c(F)c([H])c([H])c([H])c3F)c([H])c12,1.0
[H]C(=O)c1c([H])n([H])c2c1c([H])c([H])c1c3c([H])c([H])c([H])c(Br)c3n([H])c12,1.0
[H]c1nn2c([H])c([H])c(N([H])C([H])([H])C([H])([H])N([H])[H])nc2c1-c1c([H])c([H])c([H])c(-c2nnc(C([H])([H])[H])o2)c1[H],1.0
[H]c1c(Cl)c([H])c2c3c4c([H])nn([H])c4c([H])c(N([H])[H])c3n([H])c2c1[H],0.0
[H]/C(=C1/SC(=O)N([H])C1=O)c1c([H])c([H])c(Cl)c([H])c1N1C([H])([H])C([H])([H])[C@]([H])(N([H])[H])C1([H])[H],1.0
[H]c1nc(C([H])([H])[H])c2c(c1[H])c1c([H])c([H])c(OC([H])([H])[H])c([H])c1n2[H],0.0
[H]c1nc([H])c(-c2c([H])c([H])c3c(c2[H])c(-c2nc(N([H])[H])nc([H])c2[H])c([H])n3[H])nc1OC([H])([H])C([H])([H])N(C([H])([H])C([H])([H])[H])C([H])([H])C([H])([H])[H],1.0
[H]c1c([H])c([H])c2c(c([H])nc3c([N+](=O)[O-])c([H])c4c(c([H])nn4[H])c32)c1[H],1.0
[H]C(=O)c1c([H])n2c3c1c([H])c([H])c1c4c([H])c([H])c([H])c([H])c4n(c13)C([H])([H])C([H])([H])C2([H])[H],1.0
[H]c1c(Cl)c([H])c2c3c4c(c([H])nn4[H])c([H])c([N+](=O)[O-])c3n([H])c2c1[H],1.0
[H]c1c([H])c([H])c2c(c1[H])c1c3c(c([H])nn3[H])c([H])c([N+](=O)[O-])c1n2[H],0.0
[H]c1c(OC([H])([H])[H])c([H])c2c3c4c([H])nn([H])c4c([H])c(N([H])[H])c3n([H])c2c1[H],0.0
[H]c1c([H])c([H])c2c(c1[H])c1c3c([H])nn([H])c3c3c4c([H])c([H])c([H])c([H])c4n([H])c3c1n2[H],1.0
[H]c1c([H])c(N2C([H])([H])C([H])([H])N(C([H])([H])[H])C([H])([H])C2([H])[H])c([H])c([H])c1-c1c([H])c2c(Cl)c([H])c(C(=O)N([H])[H])nc2n1C([H])([H])[H],0.0
[H]Oc1c([H])c([H])c2c(c1C([H])([H])N1C([H])([H])C([H])([H])N([H])C([H])([H])C1([H])[H])O/C(=C(/[H])c1c([H])n([H])c3nc(Cl)c([H])c([H])c13)C2=O,1.0
[H]c1c(Br)c([H])c2c(oc3c(=O)n([H])c(C([H])([H])N4C([H])([H])C([H])([H])C([H])([H])C4([H])[H])nc32)c1[H],1.0
[H]c1c(Br)c([H])c2c(oc3c(=O)n([H])c(C([H])([H])N4C([H])([H])C([H])([H])[C@]([H])(N([H])[H])C4([H])[H])nc32)c1[H],1.0
[H]c1nc([H])c(N2C([H])([H])C([H])([H])C([H])([H])C([H])(N([H])[H])C2([H])[H])nc1-c1c([H])c([H])c2c(c1[H])c(-c1c(F)nc(N([H])[H])c([H])c1[H])c([H])n2[H],1.0
[H]c1nc([H])c(N([H])C([H])([H])C([H])([H])N(C([H])([H])[H])C([H])([H])[H])nc1-c1c([H])c([H])c2c(c1[H])c(-c1c([H])c([H])c(C#N)c([H])c1[H])c([H])n2[H],0.0
[H]c1nc([H])c(N([H])C([H])([H])C([H])([H])N(C([H])([H])[H])C([H])([H])[H])nc1-c1c([H])c([H])c2c(c1[H])c(-c1c([H])c([H])c(S(=O)(=O)N([H])[H])c([H])c1[H])c([H])n2[H],1.0
[H]c1nc([H])c(N([H])C([H])([H])C([H])([H])N(C([H])([H])[H])C([H])([H])[H])nc1-c1c([H])c([H])c2c(c1[H])c(-c1c([H])c([H])c(N([H])[H])c([H])c1[H])c([H])n2[H],1.0
[H]c1nc([H])c(N([H])C([H])([H])C([H])([H])N(C([H])([H])[H])C([H])([H])[H])nc1-c1c([H])c([H])c2c(c1[H])c(-c1c([H])c([H])c([H])c(OC([H])([H])[H])c1[H])c([H])n2[H],1.0
[H]c1c([H])c(F)c(-c2nc3c(oc4c([H])c([H])c(C5([H])C([H])([H])C5([H])[H])c([H])c43)c(=O)n2[H])c(Cl)c1[H],0.0
[H]c1c([H])c([H])c(-c2nc3c(oc4c([H])c([H])c(N([H])C([H])([H])[H])c([H])c43)c(=O)n2[H])c(Cl)c1[H],0.0
[H]c1c([H])c(OC([H])([H])[H])c(Cl)c(-c2nc3c(oc4c([H])c([H])c(Br)c([H])c43)c(=O)n2[H])c1[H],1.0
[H]c1nc([H])c(N2C([H])([H])C([H])([H])N([H])C([H])([H])C2([H])[H])nc1-c1c([H])c([H])c2c(c1[H])c(-c1c([H])c([H])c(C(F)(F)F)c([H])c1[H])c([H])n2[H],0.0
[H]c1c(Br)c([H])c2c(oc3c(=O)n([H])c(C([H])([H])N4C([H])([H])C([H])([H])C4([H])[H])nc32)c1[H],1.0
[H]C(=O)c1c([H])n([H])c2c1c([H])c([H])c1c3c([H])c([H])c([H])c([H])c3n(C([H])([H])C([H])([H])C([H])([H])C([H])([H])N(C([H])([H])[H])C([H])([H])[H])c12,1.0
[H]c1nn2c(-c3nc4c(N([H])C5([H])C([H])([H])C([H])([H])OC([H])([H])C5([H])[H])c([H])c([H])c([H])c4c([H])c3[H])nnc2c2c1N(C([H])([H])[H])C([H])([H])C([H])([H])O2,0.0
[H]c1nc([H])c(N([H])C2([H])C([H])([H])C([H])([H])C([H])([H])C([H])([H])C2([H])[H])nc1-c1c([H])n([H])c2c([H])c([H])c(-c3nnc(N([H])[H])s3)c([H])c12,1.0
[H]c1nc([H])c(N([H])C([H])([H])C([H])([H])N(C([H])([H])[H])C([H])([H])[H])nc1-c1c([H])c([H])c2c(c1[H])c(-c1c([H])c([H])c([H])c(OC(F)(F)F)c1[H])c([H])n2[H],0.0
[H]c1nc([H])c(-c2c([H])c([H])c3c(c2[H])c(-c2c([H])c([H])c(C(F)(F)F)c([H])c2[H])c([H])n3[H])nc1OC([H])([H])C([H])([H])C([H])([H])N(C([H])([H])[H])C([H])([H])[H],0.0
[H]c1nc([H])c(N(C([H])([H])[H])C([H])([H])C([H])([H])C([H])([H])N(C([H])([H])[H])C([H])([H])[H])nc1-c1c([H])c([H])c2c(c1[H])c(-c1c([H])c([H])c(C(F)(F)F)c([H])c1[H])c([H])n2[H],0.0
[H]c1nc([H])c(N([H])C([H])([H])C([H])([H])N(C([H])([H])[H])C([H])([H])[H])nc1-c1c([H])c([H])c2c(c1[H])c(-c1c([H])c(C#N)c([H])c([H])c1F)c([H])n2[H],1.0
[H]c1nc([H])c(N([H])C([H])(C([H])([H])[H])C([H])([H])[H])nc1-c1c([H])n([H])c2c([H])c([H])c(-c3nnc(N([H])[H])s3)c([H])c12,1.0
[H]/C(=C1/Oc2c(c([H])c([H])c(OC([H])([H])[H])c2C([H])([H])N2C([H])([H])C([H])([H])N([H])C([H])([H])C2([H])[H])C1=O)c1c([H])n([H])c2c([H])nc([H])c([H])c12,1.0
[H]c1nc2c([N+](=O)[O-])c([H])c3c(c([H])nn3[H])c2c2c([H])c3c(c([H])c12)OC([H])([H])O3,0.0
[H]c1nc([H])c(-c2c([H])n([H])c3c([H])c([H])c(-c4nnc(N([H])[H])s4)c([H])c23)nc1OC([H])([H])C([H])([H])[H],1.0
[H]c1c(-c2c([H])n([H])c3c([H])c([H])c(-c4nnc(N([H])[H])s4)c([H])c23)nc(N([H])C([H])(C([H])([H])[H])C([H])([H])[H])c([H])c1[H],1.0
[H]c1nc([H])c(-c2c([H])n([H])c3c([H])c([H])c(-c4nnc(N([H])[H])s4)c([H])c23)nc1OC1([H])C([H])([H])C([H])([H])C([H])([H])C1([H])[H],1.0
[H]c1c(OC([H])([H])C([H])([H])[H])nc(-c2c([H])n([H])c3c([H])c([H])c(-c4nnc(N([H])[H])s4)c([H])c23)c([H])c1[H],1.0
[H]c1nc(-c2c([H])n([H])c3c([H])c([H])c(-c4nnc(N([H])[H])s4)c([H])c23)c([H])nc1OC([H])(C([H])([H])[H])C([H])([H])[H],0.0
[H]c1nc2c([H])c([H])c([H])c([H])c2c([H])c1-c1c([H])n([H])c2c([H])c([H])c(-c3nnc(N([H])C([H])([H])[H])s3)c([H])c12,0.0
[H]Oc1c(Br)c([H])c(C([H])=C2c3c([H])c(I)c([H])c([H])c3N([H])C2([H])O[H])c([H])c1Br,1.0
[H]c1c([H])c(-c2nc3c(c(-c4c([H])c([H])c(N5C([H])([H])C([H])([H])N([H])C([H])([H])C5([H])[H])c([H])c4[H])nn3[H])c([H])c2[H])c([H])c([H])c1OC([H])([H])[H],0.0
[H]c1nc([H])c(N2C([H])([H])C([H])([H])N([H])C([H])([H])C([H])([H])C2([H])[H])nc1-c1nn([H])c2c([H])c([H])c(-c3c(F)c([H])c([H])c([H])c3F)c([H])c12,1.0
[H]/C(=C1/SC(=O)N([H])C1=O)c1c([H])c([H])c([H])c([H])c1N1C([H])([H])C([H])([H])[C@]([H])(N([H])[H])C1([H])[H],1.0
[H]/C(=C1/SC(=O)N([H])C1=O)c1c([H])c([H])c([H])c([H])c1N1C([H])([H])C([H])([H])C([H])([H])[C@@]([H])(N([H])[H])C1([H])[H],0.0
[H]Oc1c([H])c([H])c(N([H])c2nc3c(-c4nnc([H])n4[H])c([H])c([H])c([H])c3c3c([H])nc([H])c([H])c23)c(Cl)c1[H],0.0
[H]c1c([H])c([H])c2c(c1[H])c1c3c(c4c5c([H])c([H])c([H])c([H])c5n5c4c1n2[C@@]1(C([H])([H])[H])O[C@]5([H])C([H])([H])[C@@]([H])(N([H])C([H])([H])[H])[C@@]1([H])OC([H])([H])[H])C(=O)N([H])C3([H])[H],1.0
[H]c1c([H])c(N([H])C([H])([H])C2([H])C([H])([H])C([H])([H])N([H])C([H])([H])C2([H])[H])c([H])c([H])c1-c1nc2c(oc3c([H])c([H])c(Br)c([H])c32)c(=O)n1[H],1.0
[H]c1nc([H])c(-c2c([H])c([H])c3c(c2[H])c(-c2c(F)nc(N([H])[H])c([H])c2[H])c([H])n3[H])nc1OC([H])([H])[C@@]([H])(N([H])[H])C(C([H])([H])[H])(C([H])([H])[H])C([H])([H])[H],1.0
[H]C(=O)c1c([H])n2c3c1c([H])c([H])c1c4c([H])c([H])c([H])c([H])c4n(c13)C([H])([H])C([H])(OS(=O)(=O)C([H])([H])[H])C2([H])[H],0.0
[H]/C(=C1/Oc2c(c([H])c([H])c(OC([H])([H])[H])c2C([H])(N2C([H])([H])C([H])([H])N([H])C([H])([H])C2([H])[H])C([H])([H])[H])C1=O)c1nn([H])c2nc([H])c([H])c([H])c12,1.0
[H]c1nc([H])c([H])c(-c2nc3c(c(-c4c([H])c([H])c(N5C([H])([H])C([H])([H])N([H])C([H])([H])C5([H])[H])c([H])c4[H])nn3[H])c([H])c2[H])c1[H],0.0
[H]c1c([H])c(N2C([H])([H])C([H])([H])N([H])C([H])([H])C2([H])[H])c([H])c([H])c1-c1nn([H])c2nc(-c3c([H])c([H])c([H])c4c3c([H])c([H])n4[H])c([H])c([H])c12,0.0
[H]c1nc([H])c(N2C([H])([H])C([H])([H])N([H])C([H])([H])C2([H])[H])nc1-c1c([H])c([H])c2c(c1[H])c(-c1c(F)nc(N([H])[H])c([H])c1[H])c([H])n2[H],1.0
[H]c1c(Br)c([H])c2c(oc3c(=O)n([H])c(C([H])([H])N4C([H])([H])C([H])([H])N(C([H])([H])[H])C([H])([H])C4([H])[H])nc32)c1[H],1.0
[H]/C(=C1/SC(=O)N([H])C1=O)c1c([H])c([H])c([H])c(-c2c([H])c([H])c([H])c([H])c2[H])c1N1C([H])([H])C([H])([H])C([H])([H])[C@@]([H])(N([H])[H])C1([H])[H],1.0
[H]c1nc([H])c(N([H])C([H])([H])C([H])([H])C([H])([H])N(C([H])([H])[H])C([H])([H])[H])nc1-c1c([H])c([H])c2c(c1[H])c(-c1c([H])c([H])c(C(F)(F)F)c([H])c1[H])c([H])n2[H],0.0
[H]c1nc([H])c(-c2nn([H])c3c([H])c([H])c(-c4c(F)c([H])c([H])c([H])c4F)c([H])c23)nc1O[C@]1([H])C([H])([H])N([H])C([H])([H])C([H])([H])C12C([H])([H])C2([H])[H],1.0
[H]C(=O)c1c([H])n2c3c1c([H])c([H])c1c4c([H])c([H])c([H])c([H])c4n(c13)C([H])([H])C([H])([H])C([H])([H])C([H])([H])C2([H])[H],1.0
[H]c1nc([H])c(N([H])C([H])([H])C([H])([H])N(C([H])([H])[H])C([H])([H])[H])nc1-c1c([H])c([H])c2c(c1[H])c(-c1c([H])c([H])c(F)c(C(F)(F)F)c1[H])c([H])n2[H],0.0
[H]c1nc([H])c(N([H])C([H])([H])C([H])([H])N(C([H])([H])[H])C([H])([H])[H])nc1-c1c([H])c([H])c2c(c1[H])c(-c1c([H])c([H])c([H])c(C([H])([H])[H])c1[H])c([H])n2[H],1.0
[H]c1c(C(=O)N([H])c2c([H])c([H])c([H])c([H])c2[C@@]2([H])C([H])([H])[C@@]([H])(N([H])[H])C([H])([H])[C@@]([H])(C([H])([H])[H])C2([H])[H])nc(-c2c(F)c([H])c([H])c([H])c2F)c(F)c1[H],1.0
[H]c1c([H])c(OC(F)(F)F)c([H])c(-n2nnc3c([H])c([H])c(N([H])C([H])([H])C4([H])C([H])([H])C([H])([H])N([H])C([H])([H])C4([H])[H])nc32)c1[H],1.0
[H]O[C@]1([H])C([H])([H])C([H])([H])[C@]([H])(N([H])c2nc3c(nnn3-c3c([H])c([H])c([H])c(OC(F)(F)F)c3[H])c([H])c2[H])C([H])([H])C1([H])[H],1.0
[H]c1c([H])c(-n2nnc3c([H])c([H])c(N([H])C([H])([H])C4([H])C([H])([H])C5(C([H])([H])C([H])([H])N([H])C([H])([H])C5([H])[H])C4([H])[H])nc32)c([H])c(C(F)(F)F)c1[H],1.0
[H]c1nc([H])c2c(c(N([H])c3c([H])c([H])c([H])c([H])c3Cl)nc3c(C(=O)N([H])C([H])([H])[H])c([H])c([H])c([H])c32)c1[H],0.0
[H]c1nc([H])c(N([H])C(=O)c2nc(-c3c(F)c([H])c([H])c([H])c3F)sc2[H])c([H])c1[H],0.0
[H]c1nc(-c2c([H])c([H])c3c(c2[H])c(-c2c([H])c([H])c(N4C([H])([H])C([H])([H])N([H])C([H])([H])C4([H])[H])c([H])c2[H])c([H])n3[H])c([H])c([H])c1[H],0.0
[H]c1c(Br)c([H])c2c(oc3c(=O)n([H])c(C([H])([H])C4([H])C([H])([H])N(C([H])([H])[H])C([H])([H])C([H])([H])C4([H])[H])nc32)c1[H],1.0
[H]c1nc([H])c(N2C([H])([H])C([H])([H])C([H])([H])C([H])([H])C2([H])[H])nc1-c1nn([H])c2c([H])c([H])c(-c3c(F)c([H])c([H])c([H])c3F)c([H])c12,0.0
[H]C(=O)c1c([H])n([H])c2c1c([H])c([H])c1c3c([H])c([H])c(Br)c([H])c3n([H])c12,1.0
[H]OC(=O)c1c([H])c([H])c([H])c(N([H])C(=O)C([H])([H])Oc2c([H])c([H])c([H])c3c([H])c([H])c([H])c([H])c23)c1[H],0.0
[H]c1nc([H])c(N([H])C(=O)c2nc(-c3c(F)c([H])c([H])c([H])c3F)sc2[H])c(OC2([H])C([H])([H])C([H])([H])N([H])C([H])([H])C2([H])[H])c1[H],1.0
[H]C(=O)c1c([H])n([H])c2c1c([H])c([H])c1c3c([H])c([H])c(C([H])([H])[H])c([H])c3n([H])c12,0.0
[H]c1nc(N([H])[H])c([H])c(-c2nc3c(c(-c4c([H])c([H])c(N5C([H])([H])C([H])([H])N([H])C([H])([H])C5([H])[H])c([H])c4[H])nn3[H])c([H])c2[H])c1[H],0.0
[H]Oc1c([H])c([H])c(-c2nc3c(c([H])c2[H])c(-c2c([H])c([H])c(N4C([H])([H])C([H])([H])N([H])C([H])([H])C4([H])[H])c([H])c2[H])c([H])n3[H])c([H])c1[H],1.0
[H]c1nc([H])c(-c2c([H])c([H])c3c(c2[H])c(-c2c(F)nc(N([H])[H])c([H])c2[H])c([H])n3[H])nc1OC([H])([H])[C@@]([H])(N([H])[H])C([H])(C([H])([H])[H])C([H])([H])[H],1.0
[H]c1c([H])c([H])c(-c2nc3c(c(-c4c([H])c([H])c(N5C([H])([H])C([H])([H])N([H])C([H])([H])C5([H])[H])c([H])c4[H])nn3[H])c([H])c2[H])c([H])c1[H],0.0
[H]/C(=C1/Oc2c(c([H])c([H])c(OC([H])([H])[H])c2C([H])([H])N2C([H])([H])C([H])([H])N([H])C([H])([H])C2([H])[H])C1=O)c1c([H])n([H])c2nc(Cl)c([H])c([H])c12,1.0
[H]c1nc([H])c(N2C(=O)N([H])C([H])([H])C2([H])[H])nc1-c1c([H])c([H])c2c(c1[H])c(-c1c([H])c([H])c([H])c([H])c1F)c([H])n2[H],0.0
[H]OC(=O)c1c([H])c([H])c(F)c(-c2c([H])n([H])c3c([H])c([H])c(-c4nc(N([H])C([H])([H])C([H])([H])N(C([H])([H])[H])C([H])([H])[H])c([H])nc4[H])c([H])c23)c1[H],0.0
[H]c1nc([H])c(N([H])C([H])([H])C([H])([H])N(C([H])([H])[H])C([H])([H])[H])nc1-c1c([H])c([H])c2c(c1[H])c(-c1c([H])c(C(=O)C([H])([H])[H])c([H])c([H])c1F)c([H])n2[H],1.0
[H]c1nc([H])c(N([H])C([H])([H])C([H])([H])N(C([H])([H])[H])C([H])([H])[H])nc1-c1c([H])c([H])c2c(c1[H])c(-c1c([H])c([H])c(-c3c([H])c([H])c([H])c([H])c3[H])c([H])c1[H])c([H])n2[H],0.0
[H]c1nc([H])c(-c2c([H])c([H])c3c(c2[H])c(-c2c([H])c([H])c(C(F)(F)F)c([H])c2[H])c([H])n3[H])nc1OC1([H])C([H])([H])C([H])([H])N([H])C([H])([H])C1([H])[H],0.0
[H]/C(=C1/Oc2c(c([H])c([H])c(OC([H])([H])[H])c2C([H])([H])N2C([H])([H])C([H])([H])N([H])C([H])([H])[C@@]2([H])C([H])([H])[H])C1=O)c1nn([H])c2nc([H])c([H])c([H])c12,1.0
[H]c1c(Cl)c([H])c2c3c4c([H])nn([H])c4c([H])c([N+](=O)[O-])c3n([H])c2c1[H],0.0
[H]c1nc(N([H])[H])sc1-c1c([H])c([H])c2c(c1[H])c(-c1c([H])nc3c([H])c([H])c([H])c([H])c3c1[H])c([H])n2[H],0.0
[H]c1c([H])c(N(C([H])([H])[H])C([H])([H])[H])c([H])c(-n2nnc3c([H])c([H])c(N([H])C([H])([H])C4([H])C([H])([H])C([H])([H])N([H])C([H])([H])C4([H])[H])nc32)c1[H],1.0
[H]/C(=C1/Oc2c(c([H])c([H])c(OC([H])([H])[H])c2C([H])([H])N2C([H])([H])C([H])([H])N([H])C([H])([H])C2([H])[H])C1=O)c1c([H])n([H])c2c([H])c([H])nc([H])c12,0.0
[H]c1nn([H])c2c1c([H])c([N+](=O)[O-])c1c2c(C([H])([H])C([H])([H])C([H])([H])[H])c([H])n1[H],0.0
[H]c1nn([H])c2c1c([H])c(N([H])[H])c1c2c([H])c([H])n1[H],1.0
[H]c1nc([H])c(N([H])C([H])([H])c2nc(-c3c(F)c([H])c([H])c([H])c3F)c([H])c([H])c2[H])c(OC2([H])C([H])([H])C([H])([H])N([H])C([H])([H])C2([H])[H])c1[H],0.0
[H]c1nc([H])c(N([H])C(=O)c2nc(-c3c(F)c([H])c([H])c([H])c3F)sc2[H])c(O[C@@]2([H])C([H])([H])N([H])C([H])([H])C2([H])[H])c1[H],1.0
[H]c1nc([H])c(N(C([H])([H])[H])C([H])([H])C([H])([H])N(C([H])([H])[H])C([H])([H])[H])nc1-c1c([H])c([H])c2c(c1[H])c(-c1nc(N([H])[H])nc([H])c1[H])c([H])n2[H],1.0
[H]c1nc([H])c2c(c(N([H])c3c([H])c([H])c([H])c([H])c3[H])nc3c(-c4nnc([H])n4[H])c([H])c([H])c([H])c32)c1[H],0.0
[H]c1nc([H])c2c(c(N([H])c3c([H])c([H])c(OC([H])([H])C([H])([H])OC([H])([H])[H])c([H])c3F)nc3c(-c4nnc([H])n4[H])c([H])c([H])c([H])c32)c1[H],0.0
[H]c1c(OC([H])([H])[H])c([H])c2c3c4c(c([H])nn4[H])c([H])c([N+](=O)[O-])c3n([H])c2c1[H],0.0
[H]c1nn2c(-c3nc4c(N([H])C([H])([H])C5([H])C([H])([H])C([H])([H])OC([H])([H])C5([H])[H])c([H])c([H])c([H])c4c([H])c3[H])nnc2c2c1N(C([H])([H])[H])C([H])([H])C([H])([H])O2,0.0
[H]c1nc2c(c(Cl)c1[H])c(-c1c([H])c([H])c(C([H])([H])N(C([H])([H])[H])C([H])([H])[H])c([H])c1[H])c(-c1c([H])c([H])c(N3C([H])([H])C([H])([H])N(C([H])([H])[H])C([H])([H])C3([H])[H])c([H])c1[H])n2C([H])([H])[H],0.0
[H]c1nc([H])c(N([H])C(=O)c2nc(-c3c(F)c([H])c([H])c([H])c3F)sc2[H])c(O[C@]2([H])C([H])([H])N([H])C([H])([H])C2([H])[H])c1[H],1.0
[H]c1nc([H])c(N([H])C([H])([H])c2nc(-c3c([H])c([H])c([H])c([H])c3F)c([H])c([H])c2[H])c(OC2([H])C([H])([H])C([H])([H])N([H])C([H])([H])C2([H])[H])c1[H],1.0
[H]c1nc2c([H])c([H])c(-c3nc(-c4c(F)c([H])c([H])c([H])c4F)sc3[H])c([H])c2c(N2C([H])([H])C([H])([H])N([H])C([H])([H])C2([H])[H])c1[H],1.0
[H]c1nn2c(N([H])C3([H])C([H])([H])C3([H])[H])c([H])c(N([H])c3c([H])c([H])c(C([H])([H])[H])c(N([H])C(=O)C([H])([H])[H])c3[H])nc2c1C#N,0.0
[H]Oc1c([H])c([H])c(/C([H])=C2\SC(=O)N([H])C2=O)c([H])c1OC([H])([H])C([H])([H])[H],0.0
[H]c1nc([H])c2c(c(N([H])c3c([H])c([H])c([H])c([H])c3F)nc3c(-c4nnc([H])n4[H])c([H])c([H])c([H])c32)c1[H],1.0
[H]c1nn2c(-c3nc4c(N([H])C([H])([H])C5(F)C([H])([H])C([H])([H])N([H])C([H])([H])C5([H])[H])c([H])c(Cl)c([H])c4c([H])c3[H])nnc2c2c1N(C([H])([H])[H])C([H])([H])C([H])([H])O2,1.0
[H]c1c(Cl)c(Cl)c2c(c1[H])c1c(n2C([H])([H])[H])C(=O)N([H])C2(C1([H])C#N)C([H])([H])C([H])([H])N([H])C([H])([H])C2([H])[H],1.0
[H]c1nc([H])c(N([H])C2([H])C([H])([H])N([H])C2([H])[H])nc1-c1nn([H])c2c([H])c([H])c(-c3c(F)c([H])c([H])c([H])c3F)c([H])c12,1.0
[H]c1nc([H])c(-c2c([H])c([H])c3c(c2[H])c(-c2c([H])c([H])c(C(F)(F)F)c([H])c2[H])c([H])n3[H])nc1OC([H])([H])C([H])([H])N(C([H])([H])[H])C([H])([H])[H],0.0
[H]c1nn2c(-c3nc4c(N5C([H])([H])C([H])([H])N([H])C([H])([H])C5([H])[H])c([H])c([H])c([H])c4c([H])c3[H])nnc2c2c1N(C([H])([H])[H])C([H])([H])C([H])([H])O2,0.0
[H]c1nn2c(-c3c([H])c([H])c4c([H])c([H])c([H])c(N([H])C([H])([H])C5([H])C([H])([H])C([H])([H])N([H])C([H])([H])C5([H])[H])c4c3[H])nnc2c2c1N(C([H])([H])[H])C([H])([H])C([H])([H])O2,1.0
[H]c1nc([H])c(N([H])C([H])([H])C([H])([H])N(C([H])([H])[H])C([H])([H])[H])nc1-c1c([H])c([H])c2c(c1[H])c(-c1c([H])c([H])c([H])c(F)c1[H])c([H])n2[H],1.0
[H]c1nc([H])c(N(C([H])([H])[H])C([H])([H])C([H])([H])N(C([H])([H])[H])C([H])([H])[H])nc1-c1c([H])c([H])c2c(c1[H])c(-c1c([H])c([H])c(C(F)(F)F)c([H])c1[H])c([H])n2[H],0.0
[H]c1nc([H])c(N([H])C([H])([H])C([H])([H])N(C([H])([H])[H])C([H])([H])[H])nc1-c1c([H])c([H])c2c(c1[H])c(-c1c([H])c([H])c([H])c([H])c1F)c([H])n2[H],1.0
[H]OC([H])([H])C([H])([H])c1nc(-c2c([H])c([H])c3c(c2[H])c(-c2c([H])c([H])c([H])c([H])c2F)c([H])n3[H])c([H])nc1[H],0.0
[H]C(=O)c1c([H])n([H])c2c1c([H])c([H])c1c3c([H])c([H])c([H])c([H])c3n(C([H])([H])C([H])([H])C([H])([H])C([H])([H])N([H])C(=O)OC(C([H])([H])[H])(C([H])([H])[H])C([H])([H])[H])c12,0.0
[H]c1c([H])c([H])c(-c2nc3c(oc4c([H])c([H])c([H])c([H])c43)c(=O)n2[H])c(Cl)c1[H],0.0
[H]c1c([H])c([H])c(-c2nc3c(oc4c([H])c([H])c(Cl)c([H])c43)c(=O)n2[H])c(Cl)c1[H],1.0
[H]C(=O)c1c([H])n([H])c2c1c([H])c([H])c1c3c([H])c([H])c([H])c([H])c3n(C([H])([H])C([H])([H])C([H])([H])C([H])([H])C#N)c12,1.0
[H]/C(=C1/SC(=O)N([H])C1=O)c1c([H])c([H])c([H])c([H])c1[H],0.0
[H]c1c([H])c([H])c2c(c1[H])c1c([H])c(C(=O)OC([H])([H])[H])c3c([H])c([H])n([H])c3c1n2[H],0.0
[H]c1nc([H])c(N([H])C([H])([H])C([H])([H])N(C([H])([H])[H])C([H])([H])[H])nc1-c1c([H])c([H])c2c(c1[H])c(-c1c([H])c([H])c(S(=O)(=O)C([H])([H])[H])c([H])c1[H])c([H])n2[H],1.0
[H]c1nc([H])c(N([H])C([H])([H])C([H])([H])N(C([H])([H])[H])C([H])([H])[H])nc1-c1c([H])c([H])c2c(c1[H])c(-c1c([H])c([H])c(C(F)(F)F)c(F)c1[H])c([H])n2[H],0.0
[H]C(=O)c1c([H])n([H])c2c1c([H])c([H])c1c3c(Br)c([H])c([H])c([H])c3n([H])c12,1.0
[H]/C(=C1/SC(=O)N([H])C1=O)c1c([H])c([H])c([H])c(-c2c([H])c([H])c([H])c([H])c2[H])c1N1C([H])([H])C([H])([H])C([H])([H])[C@]([H])(N([H])[H])C1([H])[H],1.0
[H]OC1([H])C([H])([H])C([H])([H])N(c2nc(-c3nn([H])c4c([H])c([H])c(-c5c(F)c([H])c([H])c([H])c5F)c([H])c34)c([H])nc2[H])C([H])([H])C1([H])[H],1.0
[H]c1c([H])c(OC(F)(F)F)c([H])c(-n2nnc3c([H])c(Cl)c(N([H])C([H])([H])C4([H])C([H])([H])C([H])([H])N([H])C([H])([H])C4([H])[H])nc32)c1[H],1.0
[H]c1nc([H])c2c(c(N([H])c3c([H])c(Cl)c([H])c([H])c3F)nc3c(-c4nnc([H])n4[H])c([H])c([H])c([H])c32)c1[H],0.0
[H]c1nc([H])c([H])c(-c2c([H])c([H])c3c(c2[H])c(-c2c([H])c([H])c(N4C([H])([H])C([H])([H])N([H])C([H])([H])C4([H])[H])c([H])c2[H])c([H])n3[H])c1[H],0.0
[H]c1c([H])c(S(=O)(=O)N([H])[H])c([H])c([H])c1-c1nc2c(c(-c3c([H])c([H])c(N4C([H])([H])C([H])([H])N([H])C([H])([H])C4([H])[H])c([H])c3[H])nn2[H])c([H])c1[H],0.0
[H]c1nc([H])c(N([H])C(=O)c2nc(-c3c(F)c([H])c([H])c([H])c3F)c(F)c([H])c2[H])c([C@@]2([H])C([H])([H])[C@@]([H])(N([H])[H])C([H])([H])[C@@]([H])(C([H])([H])[H])C2([H])[H])c1[H],1.0
[H]Oc1c([H])c([H])c(-c2c([H])c([H])c3c(-c4c([H])c([H])c(N5C([H])([H])C([H])([H])N([H])C([H])([H])C5([H])[H])c([H])c4[H])c([H])n([H])c3c2[H])c([H])c1[H],1.0
[H]c1nc(N([H])[H])c([H])c([H])c1-c1nc2c(c(-c3c([H])c([H])c(N4C([H])([H])C([H])([H])N([H])C([H])([H])C4([H])[H])c([H])c3[H])nn2[H])c([H])c1[H],0.0
[H]c1nc([H])c(-c2c([H])c([H])c3c(c2[H])c(-c2c(F)nc(N([H])[H])c([H])c2[H])c([H])n3[H])nc1OC([H])([H])[C@@]([H])(N([H])[H])C([H])([H])C([H])([H])[H],1.0
[H]c1nc([H])c(-c2c([H])c([H])c3c(c2[H])c(-c2c(F)nc(N([H])[H])c([H])c2[H])c([H])n3[H])nc1O[C@]1([H])C([H])([H])C([H])([H])[C@@]([H])(N([H])[H])C([H])([H])C1([H])[H],1.0
[H]c1nn2c(-c3nc4c(N([H])C([H])([H])C5([H])C([H])([H])C([H])([H])N([H])C([H])([H])C5([H])[H])c([H])c([H])c([H])c4c([H])c3[H])nnc2c2c1N(C([H])(C([H])([H])[H])C([H])([H])[H])C([H])([H])C([H])([H])O2,1.0
[H]OC([H])([H])C([H])([H])OC1([H])C([H])([H])n2c([H])c(C([H])=O)c3c([H])c([H])c4c5c([H])c([H])c([H])c([H])c5n(c4c32)C1([H])[H],0.0
[H]C(=O)c1c([H])n([H])c2c1c([H])c([H])c1c3c([H])c([H])c([H])c([H])c3n(C([H])([H])C([H])([H])C([H])([H])C([H])([H])N=[N+]=[N-])c12,0.0
[H]c1nc([H])c(-c2nn([H])c3c([H])c([H])c(-c4c(F)c([H])c([H])c([H])c4F)c([H])c23)nc1OC1([H])C([H])([H])N([H])C([H])([H])C([H])([H])C1([H])[H],1.0
[H]c1nc([H])c(-c2c([H])n([H])c3c([H])c([H])c(-c4nnc(N([H])[H])s4)c([H])c23)nc1OC([H])(C([H])([H])[H])C([H])([H])[H],1.0
[H]/C(=C1/Oc2c(c([H])c([H])c(OC([H])([H])C([H])([H])OC([H])([H])[H])c2C([H])(N2C([H])([H])C([H])([H])N([H])C([H])([H])C2([H])[H])C([H])([H])[H])C1=O)c1nn([H])c2nc([H])c([H])c([H])c12,1.0
[H]/C(=C1/Oc2c(c([H])c([H])c(OC([H])([H])[H])c2C([H])([H])N2C([H])([H])C([H])([H])N([H])[C@]([H])(C([H])([H])[H])C2([H])[H])C1=O)c1nn([H])c2nc([H])c([H])c([H])c12,1.0
[H]/C(=C1/SC(N([H])C([H])([H])C2([H])C([H])([H])C([H])([H])N(C([H])([H])[H])C([H])([H])C2([H])[H])=NC1=O)c1nc(-c2c([H])c([H])c(OC(F)(F)F)c([H])c2[H])sc1[H],1.0
[H]C(=O)c1c([H])n([H])c2c1c([H])c([H])c1c3c([H])c(-c4c([H])c([H])c(F)c([H])c4F)c([H])c([H])c3n([H])c12,0.0
[H]Oc1c([H])c([H])c(-c2nc3c(c(-c4c([H])c([H])c(N5C([H])([H])C([H])([H])N([H])C([H])([H])C5([H])[H])c([H])c4[H])nn3[H])c([H])c2[H])c([H])c1[H],1.0
[H]c1nn2c(-c3nc4c(N([H])C(=O)C5([H])C([H])([H])C([H])([H])N([H])C([H])([H])C5([H])[H])c([H])c([H])c([H])c4c([H])c3[H])nnc2c2c1N(C([H])([H])[H])C([H])([H])C([H])([H])O2,0.0
[H]c1nn2c(-c3nc4c(N([H])C5([H])C([H])([H])C([H])([H])N(C([H])([H])[H])C([H])([H])C5([H])[H])c([H])c([H])c([H])c4c([H])c3[H])nnc2c2c1N(C([H])([H])[H])C([H])([H])C([H])([H])O2,1.0
[H]c1nn2c(-c3nc4c(N([H])C([H])([H])C5([H])C([H])([H])C([H])([H])N(C([H])([H])[H])C([H])([H])C5([H])[H])c([H])c([H])c([H])c4c([H])c3[H])nnc2c2c1N(C([H])([H])[H])C([H])([H])C([H])([H])O2,1.0
[H]c1nc2c3sc(c(C([H])([H])[H])c3n1)-c1c([H])nc(OC([H])([H])[H])c(c1[H])N([H])S(=O)(=O)c1c([H])c([H])c(F)c(c1[H])C(=O)N([H])C([H])([H])c1sc-2c([H])c1[H],1.0
[H]c1c([H])c([H])c2c(c1[H])c1c([H])c([H])c3c(C(=O)N([H])[H])c([H])n([H])c3c1n2[H],0.0
[H]c1nn([H])c2c1c([H])c([N+](=O)[O-])c1c2c(C([H])([H])C([H])([H])C([H])([H])[H])c(C(=O)OC([H])([H])[H])n1[H],0.0
[H]/C(=C1/Oc2c(c([H])c([H])c(OC([H])([H])[H])c2C([H])([H])N2C([H])([H])C([H])([H])N([H])C([H])([H])C2([H])[H])C1=O)c1nn([H])c2c([H])c([H])c([H])c([H])c12,1.0
[H]OC1([H])C([H])([H])n2c([H])c(C([H])=O)c3c([H])c([H])c4c5c([H])c([H])c([H])c([H])c5n(c4c32)C1([H])[H],0.0
[H]C(=O)c1c([H])n2c3c1c([H])c([H])c1c4c([H])c([H])c([H])c([H])c4n(c13)C([H])([H])C([H])(OC([H])([H])C#N)C2([H])[H],0.0
[H]C(=O)c1c([H])n2c3c1c([H])c([H])c1c4c([H])c([H])c([H])c([H])c4n(c13)C([H])([H])C([H])(OC([H])([H])C([H])([H])C([H])([H])Br)C2([H])[H],0.0
[H]c1nc(N([H])c2c([H])c([H])c(F)c([H])c2OC([H])(C([H])([H])[H])C([H])([H])[H])c2nc(-c3c([H])c([H])c(C(=O)N4C([H])([H])C([H])([H])N([H])C([H])([H])C4([H])[H])c([H])c3[H])c([H])c([H])c2n1,0.0
[H]c1nn2c(-c3nc4c(N([H])C([H])([H])C5(F)C([H])([H])C([H])([H])N([H])C([H])([H])C5([H])[H])c([H])c(F)c(F)c4c([H])c3[H])nnc2c2c1N(C([H])([H])[H])C([H])([H])C([H])([H])O2,1.0
[H]OC([H])([H])C([H])([H])Oc1c([H])c([H])c2c(c1C([H])(N1C([H])([H])C([H])([H])N([H])C([H])([H])C1([H])[H])C([H])([H])[H])O/C(=C(/[H])c1nn([H])c3nc([H])c([H])c([H])c13)C2=O,1.0
[H]c1c(Br)c([H])c2c(oc3c(=O)n([H])c([H])nc32)c1[H],0.0
[H]c1nc([H])c(-c2nn([H])c3c([H])c([H])c(-c4c(F)c([H])c([H])c([H])c4F)c([H])c23)nc1O[C@@]1([H])C([H])([H])N([H])C([H])([H])C([H])([H])C12C([H])([H])C2([H])[H],1.0
[H]c1nc([H])c(N([H])C([H])([H])C([H])([H])C([H])([H])N(C([H])([H])[H])C([H])([H])[H])nc1-c1c([H])c([H])c2c(c1[H])c(-c1nc(N([H])[H])nc([H])c1[H])c([H])n2[H],1.0
[H]c1nc([H])c(N([H])C([H])([H])C([H])([H])N(C([H])([H])C([H])([H])[H])C([H])([H])C([H])([H])[H])nc1-c1c([H])c([H])c2c(c1[H])c(-c1nc(N([H])[H])nc([H])c1[H])c([H])n2[H],1.0
[H]c1nc([H])c(N([H])C([H])([H])C([H])([H])C([H])([H])N(C([H])([H])C([H])([H])[H])C([H])([H])C([H])([H])[H])nc1-c1c([H])c([H])c2c(c1[H])c(-c1nc(N([H])[H])nc([H])c1[H])c([H])n2[H],1.0
[H]c1c([H])c(Cl)c([H])c(-c2c([H])c3n(c2[H])[C@@]([H])(C([H])([H])C(=O)N([H])[C@]([H])(C([H])([H])N2C([H])([H])C([H])([H])N(C([H])([H])[H])C([H])([H])C2([H])[H])C2([H])C([H])([H])C([H])([H])C([H])([H])C([H])([H])C2([H])[H])C([H])([H])N([H])C3=O)c1[H],1.0
[H]Oc1c([H])c([H])c2oc3c(=O)n([H])c(-c4c([H])c([H])c([H])c([H])c4Cl)nc3c2c1[H],0.0
[H]c1c([H])c([H])c(-c2c([H])c([H])c3oc4c(=O)n([H])c(-c5c([H])c([H])c([H])c([H])c5Cl)nc4c3c2[H])c([H])c1[H],1.0
[H]c1nc([H])c(N([H])C(=O)c2nc(-c3c(F)c([H])c([H])c([H])c3F)sc2[H])c(OC2([H])C([H])([H])C([H])([H])OC([H])([H])C2([H])[H])c1[H],1.0
[H]/C(=C1/SC(=O)N([H])C1=O)c1c([H])c([H])c([H])c([H])c1N1C([H])([H])C([H])([H])[C@]([H])(N([H])C(=O)OC(C([H])([H])[H])(C([H])([H])[H])C([H])([H])[H])C1([H])[H],0.0
[H]c1c([H])c(-n2nnc3c([H])c([H])c(N([H])C4([H])C([H])([H])C5(C([H])([H])C([H])([H])N([H])C([H])([H])C5([H])[H])C4([H])[H])nc32)c([H])c(C(F)(F)F)c1[H],1.0
[H]c1c(OC([H])(C([H])([H])[H])C([H])([H])[H])nc(-c2c([H])n([H])c3c([H])c([H])c(-c4nnc(N([H])[H])s4)c([H])c23)c([H])c1[H],1.0
[H]c1nc([H])c(N2C([H])([H])C([H])([H])OC([H])([H])C2([H])[H])nc1-c1c([H])n([H])c2c([H])c([H])c(-c3nnc(N([H])[H])s3)c([H])c12,1.0
[H]c1nn2c(-c3nc4c(N([H])C([H])([H])C5(F)C([H])([H])C([H])([H])N([H])C([H])([H])C5([H])[H])c(Cl)c([H])c([H])c4c([H])c3[H])nnc2c2c1N(C([H])([H])[H])C([H])([H])C([H])([H])O2,1.0
[H]/C(=C1/SC(=O)N([H])C1=O)c1c([H])c([H])c([H])c(Br)c1N1C([H])([H])C([H])([H])C([H])([H])[C@@]([H])(N([H])[H])C1([H])[H],1.0
[H]c1nc(-c2c([H])c([H])c([H])n2[H])oc1-c1c([H])n([H])c2c([H])c(Br)c(OC([H])([H])[H])c([H])c12,0.0
[H]c1nc([H])c(-c2c([H])c([H])c3c(c2[H])c(-c2c([H])c([H])c(N4C([H])([H])C([H])([H])N([H])C([H])([H])C4([H])[H])c([H])c2[H])c([H])n3[H])c([H])n1,0.0
[H]c1nc([H])c(-c2c([H])c([H])c3c(c2[H])c(-c2c([H])c([H])c(N4C([H])([H])C([H])([H])N([H])C([H])([H])C4([H])[H])c([H])c2[H])c([H])n3[H])c([H])c1[H],0.0
[H]c1nc2c([H])c([H])c(-c3nc(N([H])c4nc([H])c(N5C([H])([H])C([H])([H])N([H])C([H])([H])C5([H])[H])c([H])c4[H])nc([H])c3F)c([H])c2nc1N(C([H])([H])C([H])([H])[H])C([H])([H])C([H])([H])[H],1.0
[H]/C(=C1/SC(=O)N([H])C1=O)c1c([H])c([H])c([H])c(Cl)c1N1C([H])([H])C([H])([H])N([H])C([H])([H])C1([H])[H],1.0
[H]c1c([H])c([H])c2c(c1N([H])[H])c1c([H])c(C(=O)OC([H])([H])[H])c3c([H])c([H])n([H])c3c1n2[H],0.0
[H]c1nn2c(-c3c([H])c([H])c4c([H])c([H])nc(N([H])C([H])([H])C5(F)C([H])([H])C([H])([H])N([H])C([H])([H])C5([H])[H])c4c3[H])nnc2c2c1N(C([H])([H])[H])C([H])([H])C([H])([H])O2,1.0
[H]c1nn2c(-c3c([H])c([H])c4c([H])c([H])c([H])c(N([H])C([H])([H])C5([H])C([H])([H])C([H])([H])OC([H])([H])C5([H])[H])c4c3[H])nnc2c2c1N(C([H])([H])[H])C([H])([H])C([H])([H])O2,0.0
[H]c1nc(-c2c([H])c([H])c([H])n2[H])oc1-c1c([H])n([H])c2c([H])c(Br)c([H])c(OC([H])([H])[H])c12,0.0
[H]c1nn2c(-c3nc4c(N([H])C5([H])C([H])([H])C([H])([H])C(C([H])([H])[H])(C([H])([H])[H])C([H])([H])C5([H])[H])c([H])c([H])c([H])c4c([H])c3[H])nnc2c2c1N(C([H])([H])[H])C([H])([H])C([H])([H])O2,0.0
[H]c1nn2c(-c3nc4c(N5C([H])([H])C([H])([H])C([H])(N([H])[H])C([H])([H])C5([H])[H])c([H])c([H])c([H])c4c([H])c3[H])nnc2c2c1N(C([H])([H])[H])C([H])([H])C([H])([H])O2,1.0
[H]c1nn2c(-c3nc4c(N([H])C([H])([H])C5([H])C([H])([H])C([H])([H])N([H])C([H])([H])C5([H])[H])c([H])c([H])c([H])c4c([H])c3[H])nnc2c2c1N(C([H])([H])C([H])([H])OC([H])([H])[H])C([H])([H])C([H])([H])O2,1.0
[H]c1nc([H])c(-c2c([H])c([H])c3c(c2[H])c(-c2c(F)nc(N([H])[H])c([H])c2[H])c([H])n3[H])nc1OC([H])([H])[C@@]([H])(c1c([H])c([H])c([H])c([H])c1[H])N([H])[H],1.0
[H]c1nn2c(-c3c([H])c([H])c4c([H])c([H])c([H])c(N([H])C5([H])C([H])([H])C([H])([H])C([H])([H])C([H])([H])C5([H])[H])c4c3[H])nnc2c2c1N(C([H])([H])[H])C([H])([H])C([H])([H])O2,0.0
[H]c1nc2c3sc(c(C([H])([H])[H])c3n1)-c1c([H])nc(OC([H])([H])[H])c(c1[H])N([H])S(=O)(=O)c1c([H])c([H])c([H])c(c1[H])C(=O)N([H])C([H])([H])c1sc-2c([H])c1[H],1.0
[H]c1c([H])c([H])c(C([H])(C([H])([H])[H])C([H])([H])[H])c(-c2nc3c(oc4c([H])c([H])c(Br)c([H])c43)c(=O)n2[H])c1[H],0.0
[H]c1nc([H])c(N([H])C([H])([H])C([H])([H])N(C([H])([H])[H])C([H])([H])[H])nc1-c1c([H])c([H])c2c(c1[H])c(-c1c([H])c([H])c(N([H])[H])c(C#N)c1[H])c([H])n2[H],1.0
[H]c1nc([H])c(N([H])C([H])([H])C([H])([H])N([H])[H])nc1-c1c([H])c([H])c2c(c1[H])c(-c1c([H])c([H])c([H])c([H])c1F)c([H])n2[H],1.0
[H]c1nc([H])c(N([H])C([H])([H])C([H])([H])N(C([H])([H])[H])C([H])([H])[H])nc1-c1c([H])c([H])c2c(c1[H])c(-c1c([H])c([H])c([H])c(F)c1F)c([H])n2[H],1.0
[H]c1c([H])c(F)c(-c2nc3c(oc4c([H])c([H])c(Br)c([H])c43)c(=O)n2[H])c(Cl)c1[H],1.0
[H]c1nc([H])c2c(c(N([H])c3c([H])c([H])c(F)c([H])c3F)nc3c(-c4nnc([H])n4[H])c([H])c([H])c([H])c32)c1[H],0.0
[H]O[C@]1([H])C([H])([H])N(C([H])([H])c2nc3c(oc4c([H])c([H])c(Br)c([H])c43)c(=O)n2[H])C([H])([H])C1([H])[H],1.0
[H]c1c([H])c([H])c2c(c([H])nc3c([N+](=O)[O-])c([H])c4c(c([H])nn4[H])c32)c1F,0.0
[H]c1nc([H])c(N([H])C([H])([H])C([H])([H])N(C([H])([H])[H])C([H])([H])[H])nc1-c1c([H])c([H])c2c(c1[H])c(-c1c([H])c([H])c(N([H])[H])c([H])c1F)c([H])n2[H],1.0
[H]OC([H])([H])C([H])([H])[N+](C([H])([H])[H])(C([H])([H])[H])C([H])([H])c1nnn(C([H])([H])C([H])([H])C([H])([H])C([H])([H])n2c3c([H])c([H])c([H])c([H])c3c3c([H])c([H])c4c(C([H])=O)c([H])n([H])c4c32)c1[H],0.0
[H]c1nc([H])c(N([H])C([H])([H])C([H])([H])N(C([H])([H])[H])C([H])([H])[H])nc1-c1c([H])c([H])c2c(c1[H])c(-c1c([H])c([H])c(C(F)(F)F)c([H])c1[H])c([H])n2[H],0.0
[H]c1nc([H])c(N([H])C([H])([H])C([H])([H])N(C([H])([H])[H])C([H])([H])[H])nc1-c1c([H])c([H])c2c(c1[H])c(-c1c([H])c([H])c([H])c(C#N)c1[H])c([H])n2[H],1.0
[H]c1nc([H])c(N2C([H])([H])C([H])([H])C([H])([H])C([H])(N([H])[H])C2([H])[H])nc1-c1c([H])c([H])c2c(c1[H])c(-c1c([H])c([H])c([H])c([H])c1F)c([H])n2[H],1.0
[H]c1nc([H])c(N([H])C(=O)c2nc(-c3c(F)c([H])c([H])c([H])c3F)sc2N([H])[H])c(N2C([H])([H])C([H])([H])C([H])([H])[C@]([H])(N([H])[H])C2([H])[H])c1[H],1.0
[H]c1nn(C([H])([H])[H])c([H])c1-c1nc([H])c2c(c(-c3nc(N4C([H])([H])C([H])([H])C([H])([H])[C@]([H])(N([H])[H])C4([H])[H])c([H])c([H])c3[H])nn2C([H])([H])[H])c1[H],1.0
[H]c1nn(C([H])([H])[H])c(N2C([H])([H])C([H])([H])C([H])([H])C([H])(N([H])[H])C([H])(F)C2([H])[H])c1N([H])C(=O)c1nc(-c2c(F)c([H])c([H])c([H])c2F)sc1N([H])[H],1.0
[H]c1nc([H])c(-c2nc([H])c3c(c(-c4nc(N5C([H])([H])C([H])([H])C([H])([H])[C@]([H])(N([H])[H])C5([H])[H])c([H])c([H])c4[H])nn3[H])c2[H])c([H])c1[H],1.0
[H]c1nc2c(c([H])c1-c1c(F)c([H])c([H])c([H])c1F)c(N([H])C(=O)c1c([H])nn3c([H])c([H])c(C([H])([H])C([H])([H])C4([H])C([H])([H])C([H])([H])N([H])C([H])([H])C4([H])[H])nc13)c([H])n2[H],1.0
[H]c1nc2c(c([H])c1-c1c(F)c([H])c([H])c([H])c1F)c(N([H])C(=O)c1c([H])nn3c([H])c([H])c(OC([H])([H])C4([H])C([H])([H])C([H])([H])N([H])C([H])([H])C4([H])[H])nc13)c([H])n2[H],1.0
[H]c1nn2c([H])c([H])c(N([H])C([H])([H])C3([H])C([H])([H])C([H])([H])N([H])C([H])([H])C3([H])[H])nc2c1C(=O)N([H])c1c([H])n([H])c2c([H])c([H])c(-c3c(F)c([H])c([H])c([H])c3F)c([H])c12,1.0
[H]c1nc([H])n(C([H])([H])C([H])([H])[H])c(=O)c1-c1nc([H])c2c(c(-c3nc(N4C([H])([H])C([H])([H])N([H])C([H])([H])C4([H])[H])c([H])c([H])c3[H])nn2[H])c1[H],1.0
[H]c1nn(C([H])([H])C2([H])C([H])([H])C2([H])[H])c([H])c1-c1nc([H])c2c(c(-c3nc(N4C([H])([H])C([H])([H])N([H])C([H])([H])C4([H])[H])c([H])c([H])c3[H])nn2[H])c1[H],1.0
[H]c1c([H])c([H])c(-c2c([H])c([H])c3sc4c(=O)n([H])c(C([H])([H])N(C([H])([H])[H])C([H])([H])[H])nc4c3c2[H])c([H])c1[H],1.0
[H]c1nc([H])c(N2C([H])([H])C([H])([H])C([H])(N([H])[H])C([H])([H])C2([H])[H])nc1-c1nc([H])c2c(c(C([H])([H])[H])nn2[H])c1[H],1.0
[H]c1nc([H])c(-c2nc([H])c3c(c(C([H])([H])[H])nn3[H])c2[H])c([H])c1[H],0.0
[H]c1nc([H])c(-c2nc([H])c3c(c(-c4c([H])c([H])c([H])c([H])c4F)nn3[H])c2[H])c(O[C@@]2([H])C([H])([H])N([H])C([H])([H])C([H])([H])C2([H])[H])c1[H],1.0
[H]c1nc([H])c(-c2nc([H])c3c(c(-c4nc(N5C([H])([H])C([H])([H])N([H])C([H])([H])C5([H])[H])c([H])c([H])c4[H])nn3[H])c2[H])c([H])c1[H],1.0
[H]c1nc([H])c(C([H])([H])[H])c([H])c1-c1nc([H])c2c(c(-c3nc(N4C([H])([H])C([H])([H])N([H])C([H])([H])C4([H])[H])c([H])c([H])c3[H])nn2[H])c1[H],1.0
[H]c1nc([H])c([H])c(-c2c([H])c([H])nc([H])c2N([H])C(=O)c2nc(-c3c([H])c([H])c([H])c([H])c3F)c([H])c([H])c2N([H])[H])c1[H],1.0
[H]c1nn(C([H])([H])[H])c([H])c1-c1nc([H])c2c(c(-c3nc(N4C([H])([H])C([H])([H])C([H])([H])[C@@]([H])(N([H])[H])C4([H])[H])c([H])c([H])c3[H])nn2[H])c1[H],1.0
[H]c1nc(-c2c([H])c([H])nc([H])c2N([H])C(=O)c2nc(-c3c(F)c([H])c([H])c([H])c3F)c([H])c([H])c2N([H])[H])c([H])c(N([H])[H])n1,1.0
[H]c1nc(C(=O)N([H])c2c([H])nc([H])c([H])c2N2C([H])([H])C([H])([H])C([H])([H])[C@]([H])(N([H])[H])C2([H])[H])c(N([H])[H])c([H])c1[H],1.0
[H]Oc1c([H])c([H])c(-c2c([H])c([H])c3sc4c(=O)n([H])c(C([H])([H])N5C([H])([H])C([H])([H])[C@]([H])(O[H])C5([H])[H])nc4c3c2[H])c([H])c1[H],1.0
[H]c1nc(C(=O)N([H])c2c([H])c([H])c([H])c([H])c2N2C([H])([H])C([H])([H])C([H])([H])C([H])([H])C2([H])[H])c(N([H])[H])c([H])c1[H],0.0
[H]c1nc([H])c(N([H])C(=O)c2nc(-c3c([H])c([H])c([H])c([H])c3C(F)(F)F)c([H])c([H])c2N([H])[H])c(N2C([H])([H])C([H])([H])C([H])([H])[C@]([H])(N([H])[H])C2([H])[H])c1[H],1.0
[H]c1nc2c(c([H])c1-c1c([H])c([H])c([H])c([H])c1F)c(N([H])C(=O)c1c([H])nn3c([H])c([H])c(N([H])C([H])([H])[C@@]4([H])C([H])([H])C([H])([H])N([H])C([H])([H])[C@]4([H])F)nc13)c([H])n2[H],1.0
[H]c1nc2c(c([H])c1-c1c(F)c([H])c([H])c([H])c1F)c(N([H])C(=O)c1c([H])nn3c([H])c([H])c(N([H])C([H])([H])[C@@]4([H])C([H])([H])C([H])([H])N([H])C([H])([H])[C@]4([H])F)nc13)c([H])n2[H],1.0
[H]c1c([H])c(Cl)c([H])c(-c2c([H])c([H])c3sc4c(=O)n([H])c(C([H])([H])N(C([H])([H])[H])C([H])([H])[H])nc4c3c2[H])c1[H],1.0
[H]c1nc2c(c([H])c1[H])c(N([H])C(=O)c1c([H])nn3c([H])c([H])c(N([H])C([H])([H])[C@]4([H])C([H])([H])C([H])([H])N([H])C([H])([H])[C@]4([H])F)nc13)c([H])n2[H],1.0
[H]c1nc2c(c([H])c1-c1c([H])c([H])c([H])c([H])c1F)c(N([H])C(=O)c1c([H])nn3c([H])c([H])c(N([H])C([H])([H])C4([H])C([H])([H])C([H])([H])N([H])C([H])([H])C4([H])[H])nc13)c([H])n2[H],1.0
[H]c1nc(C(=O)N([H])c2c([H])nc([H])c([H])c2N2C([H])([H])C([H])([H])N([H])C([H])([H])C2([H])[H])c(N([H])[H])nc1[H],0.0
[H]c1nc(-c2nc(C(=O)N([H])c3c([H])nc([H])c([H])c3N3C([H])([H])C([H])([H])C([H])([H])[C@]([H])(N([H])[H])C3([H])[H])c(N([H])[H])c([H])c2[H])c([H])c([H])c1[H],1.0
[H]c1nc(C(=O)N([H])c2c([H])nc([H])c([H])c2N2C([H])([H])C([H])([H])N(C(=O)C([H])([H])N([H])[H])C([H])([H])C2([H])[H])c(N([H])[H])nc1[H],0.0
[H]c1nn(C([H])([H])[H])c([H])c1-c1nc([H])c2c(c(-c3nc(N4C([H])([H])C([H])([H])N([H])C([H])([H])C4([H])[H])c([H])c([H])c3[H])nn2[H])c1[H],1.0
[H]c1c(-c2nn([H])c3c([H])nc(N4C(=O)N(C([H])([H])[H])C(=O)C4([H])[H])c([H])c23)nc(N2C([H])([H])C([H])([H])N([H])C([H])([H])C2([H])[H])c([H])c1[H],1.0
[H]c1nn(C([H])([H])[H])c(N2C([H])([H])C([H])([H])C([H])([H])[C@]([H])(N([H])C([H])([H])C(F)(F)F)C([H])([H])C2([H])[H])c1N([H])C(=O)c1nc(-c2c(F)c([H])c([H])c([H])c2F)sc1N([H])[H],1.0
[H]c1nn(C([H])([H])C([H])([H])[H])c([H])c1-c1nc([H])c2c(c(-c3nc(N4C([H])([H])C([H])([H])N(C([H])([H])[H])C([H])([H])C4([H])[H])c([H])c([H])c3[H])nn2[H])c1[H],1.0
[H]c1nc([H])c(C([H])([H])[H])nc1-c1nnc2c([H])nn(-c3nc(N4C([H])([H])C([H])([H])N([H])C([H])([H])C([H])([H])C4([H])[H])c([H])c([H])c3[H])c2c1[H],1.0
[H]c1nc2c(c([H])c1[H])c(N([H])C(=O)c1c([H])nn3c([H])c([H])c(N([H])C([H])([H])[C@@]4([H])C([H])([H])C([H])([H])N([H])C([H])([H])[C@@]4([H])F)nc13)c([H])n2[H],1.0
[H]O[C@@]1([H])C([H])([H])C([H])([H])N(c2c(N([H])C(=O)c3nc(-c4c(F)c([H])c([H])c([H])c4F)sc3N([H])[H])c([H])nn2C([H])([H])[H])C([H])([H])C([H])([H])[C@@]1([H])N([H])[H],1.0
[H]c1nc([H])c(C([H])([H])[H])nc1-c1nc([H])c2c([H])nn(-c3nc(N4C([H])([H])C([H])([H])N([H])C([H])([H])C([H])([H])C4([H])[H])c([H])c([H])c3[H])c2c1[H],1.0
[H]c1nc2c(c([H])c1[H])c(N([H])C(=O)c1c([H])nn3c([H])c([H])c(N([H])C([H])([H])C4([H])C([H])([H])C([H])([H])N([H])C([H])([H])C4([H])[H])nc13)c([H])n2[H],1.0
[H]c1nc2c(c([H])c1[H])c(N([H])C(=O)c1c([H])nn3c([H])c([H])c(N([H])C([H])([H])C([H])([H])c4c([H])c([H])c([H])c([H])c4[H])nc13)c([H])n2[H],1.0
[H]c1nc(-c2nn([H])c3c([H])nc(-c4c([H])nn(C([H])([H])[H])c4[H])c([H])c23)c([H])c([H])c1[H],1.0
[H]c1nn(C([H])([H])[H])c([H])c1-c1nc([H])c2c(c(-c3nc(N4C([H])([H])C([H])([H])C([H])([H])[C@]([H])(N([H])[H])C4([H])[H])c(C([H])([H])[H])c([H])c3[H])nn2[H])c1[H],1.0
[H]c1c(-c2nn([H])c3c([H])nc(C([H])([H])C(=O)N([H])[H])c([H])c23)nc(N2C([H])([H])C([H])([H])N([H])C([H])([H])C2([H])[H])c([H])c1[H],0.0
[H]c1c(-c2nn([H])c3c([H])nc(N4C([H])([H])C([H])([H])OC([H])([H])C4([H])[H])c([H])c23)nc(N2C([H])([H])C([H])([H])N([H])C([H])([H])C2([H])[H])c([H])c1[H],1.0
[H]c1nn(C([H])([H])[H])c(N2C([H])([H])C([H])([H])N([H])C([H])([H])C([H])([H])C2([H])[H])c1N([H])C(=O)c1nc(-c2c(F)c([H])c([H])c([H])c2F)sc1N([H])[H],1.0
[H]c1nc([H])c(N([H])[H])nc1-c1c([H])c([H])nc([H])c1N([H])C(=O)c1nc(-c2c([H])c([H])c([H])c([H])c2F)c([H])c([H])c1N([H])[H],1.0
[H]c1nn(C([H])([H])C([H])([H])[H])c([H])c1-c1nc([H])c2c(c(-c3nc(N4C([H])([H])C([H])([H])N([H])C([H])([H])C4([H])[H])c([H])c([H])c3[H])nn2[H])c1[H],1.0
[H]c1nc([H])c(C([H])([H])[H])nc1-c1nc([H])c2c([H])nn(-c3nc(N4C([H])([H])C([H])([H])C([H])([H])[C@]([H])(N([H])[H])C4([H])[H])c(OC([H])([H])[H])c([H])c3[H])c2c1[H],1.0
[H]Oc1c([H])c([H])c(-c2c([H])c([H])c3sc4c(=O)n([H])c(C([H])([H])N(C([H])([H])[H])C([H])([H])[H])nc4c3c2[H])c([H])c1[H],1.0
[H]c1nc2c(c([H])c1[H])c(N([H])C(=O)c1c([H])nn3c([H])c([H])c(N([H])C([H])([H])[C@@]4([H])C([H])([H])C([H])([H])N([H])C([H])([H])[C@]4([H])F)nc13)c([H])n2[H],1.0
[H]Oc1c([H])c(C2([H])C([H])([H])C([H])([H])N([H])C([H])([H])C2([H])[H])nc2c(C(=O)N([H])c3c([H])c([H])c(F)c([H])c3[H])c([H])nn12,1.0
[H]c1nc([H])c(-c2nc([H])c3c(c(C([H])([H])[H])nn3[H])c2[H])c(N2C([H])([H])C([H])([H])C([H])([H])[C@]([H])(N([H])[H])C2([H])[H])c1[H],0.0
[H]c1nc([H])c(-c2nc([H])c3c(c2[H])c(C([H])([H])[H])c([H])n3[H])c([H])c1[H],0.0
[H]c1nc([H])c(-c2nc([H])c3c(c(-c4nc(N5C([H])([H])C([H])([H])C([H])([H])[C@]([H])(N([H])[H])C5([H])[H])c([H])c([H])c4[H])nn3C([H])([H])[H])c2[H])c([H])c1[H],0.0
[H]c1nc([H])c(C([H])([H])[H])nc1-c1nc([H])c2c(c(-c3nc(N4C([H])([H])C([H])([H])N([H])C([H])([H])C([H])([H])C4([H])[H])c([H])c([H])c3[H])nn2[H])c1[H],1.0
[H]c1nn(C([H])([H])[H])c(N2C([H])([H])C([H])([H])[C@@]([H])(F)[C@]([H])(N([H])[H])C([H])([H])C2([H])[H])c1N([H])C(=O)c1nc(-c2c(F)c([H])c([H])c([H])c2F)sc1N([H])[H],1.0
[H]c1nn(C([H])([H])[H])c(N2C([H])([H])C(F)(F)C([H])([H])[C@]([H])(N([H])[H])C([H])([H])C2([H])[H])c1N([H])C(=O)c1nc(-c2c(F)c([H])c([H])c([H])c2F)sc1N([H])[H],1.0
[H]Oc1c([H])c(C([H])([H])c2c([H])c([H])c(C#N)c([H])c2[H])nc2c(C(=O)N([H])c3c([H])c([H])c(F)c([H])c3[H])c([H])nn12,1.0
[H]c1nn(C([H])([H])[H])c([C@]23O[C@]([H])(C([H])([H])C2([H])[H])[C@]([H])(N([H])[H])C([H])([H])C3([H])[H])c1N([H])C(=O)c1nc(-c2c(F)c([H])c([H])c([H])c2F)sc1N([H])[H],1.0
[H]Oc1c([H])c(C([H])([H])c2c([H])c([H])c(C#N)c([H])c2[H])nc2c(C(=O)N([H])c3c([H])n([H])c4nc([H])c([H])c([H])c34)c([H])nn12,1.0
[H]c1nc([H])c(N2C([H])([H])C([H])([H])C([H])([H])C([H])([H])C2([H])[H])c(N([H])C(=O)c2nc(N([H])C(=O)C([H])([H])[H])sc2[H])c1[H],0.0
[H]c1nc(C(=O)N([H])c2c([H])nc([H])c([H])c2N2C([H])([H])C([H])([H])C([H])([H])C([H])([H])C2([H])[H])c(N([H])[H])nc1[H],1.0
[H]O[C@]1([H])[C@@]([H])(C([H])([H])[H])C([H])([H])N(c2c([H])c([H])nc([H])c2N([H])C(=O)c2nc(-c3c(F)c([H])c([H])c([H])c3F)c(F)c([H])c2[H])C([H])([H])[C@@]1([H])N([H])[H],1.0
[H]O[C@]1([H])[C@@]([H])(C([H])([H])[H])C([H])([H])N(c2c([H])c([H])nc([H])c2N([H])C(=O)c2nc(-c3c(F)c([H])c([H])c([H])c3F)c(F)c([H])c2N([H])[H])C([H])([H])[C@@]1([H])N([H])[H],1.0
[H]c1nc([H])c(-c2nc([H])c3c(c(-c4nc(N([H])C([H])([H])C([H])([H])N([H])[H])c([H])c([H])c4[H])nn3[H])c2[H])c([H])c1[H],1.0
[H]c1nc([H])c(-c2nc([H])c3c(c([H])nn3[H])c2[H])c([H])c1[H],0.0
[H]c1nc([H])c(C([H])([H])[H])nc1-c1c([H])c([H])c2c([H])nn(-c3nc(N4C([H])([H])C([H])([H])N([H])C([H])([H])C([H])([H])C4([H])[H])c([H])c([H])c3[H])c2c1[H],1.0
[H]OC1([H])C([H])([H])C([H])([H])N(c2c(N([H])C(=O)c3nc(-c4c(F)c([H])c([H])c([H])c4F)sc3N([H])[H])c([H])nn2C([H])([H])[H])C([H])([H])C([H])([H])C1([H])[H],1.0
[H]c1nn(C([H])([H])[H])c([H])c1-c1nc([H])c2c(c(-c3nc(O[C@@]4([H])C([H])([H])N([H])C([H])([H])C([H])([H])C4([H])[H])c([H])c([H])c3[H])nn2[H])c1[H],1.0
[H]c1nc([H])c(N([H])C(=O)c2nc(-c3c(F)c([H])c([H])c([H])c3F)c([H])c([H])c2N([H])[H])c(N2C([H])([H])C([H])([H])C([H])([H])[C@]([H])(N([H])[H])C2([H])[H])c1[H],1.0
[H]c1nc([H])c(N([H])C(=O)c2nc(-c3c([H])c([H])c([H])c([H])c3F)c([H])c([H])c2N([H])[H])c(N2C([H])([H])C([H])([H])C([H])([H])[C@]([H])(N([H])[H])C2([H])[H])c1[H],1.0
[H]c1nn(C([H])([H])[H])c(N2C([H])([H])C([H])([H])C([H])([H])[C@]([H])(N([H])[H])C([H])([H])C2([H])[H])c1N([H])C(=O)c1nc(-c2c(F)c([H])c([H])c([H])c2F)sc1N([H])[H],1.0
[H]c1nn(C([H])([H])[H])c(N2C([H])([H])C([H])([H])C([H])([H])[C@]([H])(N([H])[H])C([H])([H])C2([H])[H])c1N([H])C(=O)c1nc(-c2c(F)c([H])c([H])c([H])c2F)sc1[H],1.0
[H]c1nc([H])c(C([H])([H])[H])nc1-c1nc([H])c2c([H])nc(-c3nc(N4C([H])([H])C([H])([H])N([H])C([H])([H])C([H])([H])C4([H])[H])c([H])c([H])c3[H])n2c1[H],1.0
[H]c1sc(N([H])C(=O)C([H])([H])[H])nc1C(=O)N([H])c1c([H])c([H])c([H])c([H])c1N1C([H])([H])C([H])([H])C([H])([H])C([H])([H])C1([H])[H],0.0
[H]c1nc([H])c(C([H])([H])[H])nc1-c1nc([H])c2c([H])nn(-c3nc([C@@]4([H])C([H])([H])N([H])C([H])([H])C([H])([H])C4(F)F)c([H])c([H])c3[H])c2c1[H],1.0
[H]c1nn2c([H])c([H])c(N([H])C([H])([H])C3([H])C([H])([H])C([H])([H])N([H])C([H])([H])C3([H])[H])nc2c1C(=O)N([H])c1c([H])n([H])c2c([H])c([H])c(-c3c(F)c([H])c([H])c([H])c3F)nc12,1.0
[H]c1nc([H])c(N([H])C(=O)c2nc(-c3c([H])c([H])c([H])c([H])c3F)c([H])c([H])c2N([H])[H])c(-c2nc(N([H])[H])nc(N([H])[H])c2[H])c1[H],1.0
[H]c1nc2c(c([H])c1[H])c(N([H])C(=O)c1c([H])nn3c([H])c([H])c(N([H])C([H])([H])[C@]4([H])C([H])([H])C([H])([H])N([H])C([H])([H])[C@@]4([H])F)nc13)c([H])n2[H],1.0
[H]c1nc([H])c(-c2nc(C(=O)N([H])c3c([H])nc([H])c([H])c3N3C([H])([H])C([H])([H])C([H])([H])[C@]([H])(N([H])[H])C3([H])[H])c(N([H])[H])c([H])c2[H])c([H])c1[H],1.0
[H]c1nc([H])c(N([H])C(=O)c2nc(-c3c(F)c([H])c([H])c([H])c3F)sc2[H])c([C@]2([H])C([H])([H])C([H])([H])C([H])([H])[C@]([H])(N([H])[H])C2([H])[H])c1[H],1.0
[H]c1nc([H])c(-c2nc([H])c3c(c(-c4c([H])c([H])c([H])c([H])c4[H])nn3[H])c2[H])c([H])c1[H],1.0
[H]c1c(-c2nn([H])c3c([H])nc(N([H])C(=O)N([H])[H])c([H])c23)nc(N2C([H])([H])C([H])([H])N([H])C([H])([H])C2([H])[H])c([H])c1[H],1.0
[H]c1nn(C([H])([H])[H])c(N2C([H])([H])C(F)(F)C([H])([H])[C@@](N([H])[H])(C([H])([H])[H])C([H])([H])C2([H])[H])c1N([H])C(=O)c1nc(-c2c(F)c([H])c([H])c([H])c2F)sc1N([H])[H],1.0
[H]c1c(-c2nn([H])c3c([H])nc(C4([H])C([H])([H])OC([H])([H])C([H])([H])C4([H])[H])c([H])c23)nc(N2C([H])([H])C([H])([H])N([H])C([H])([H])C2([H])[H])c([H])c1[H],1.0
[H]c1nc([H])c(-c2nc([H])c3c(c(-c4c([H])c([H])c([H])c([H])c4F)nn3[H])c2[H])c(N2C([H])([H])C([H])([H])C([H])([H])[C@]([H])(N([H])[H])C2([H])[H])c1[H],1.0
[H]c1c(-c2nn([H])c3c([H])nc(N4C([H])([H])C(=O)N([H])C([H])([H])C4([H])[H])c([H])c23)nc(N2C([H])([H])C([H])([H])N([H])C([H])([H])C2([H])[H])c([H])c1[H],1.0
[H]c1nn(C([H])([H])[H])c([H])c1-c1nc([H])c2c(c(-c3nc(N4C([H])([H])C([H])([H])N([H])C([H])([H])C([H])([H])C4([H])[H])c([H])c([H])c3[H])nn2[H])c1[H],1.0
[H]c1nn(C([H])([H])[H])c([H])c1-c1nc([H])c2c(c(-c3nc(C4([H])C([H])([H])C([H])([H])N([H])C([H])([H])C4([H])[H])c([H])c([H])c3[H])nn2[H])c1[H],1.0
[H]c1nn(C([H])([H])[H])c([H])c1-c1nc([H])c2c(c(-c3nc(N4C([H])([H])C([H])([H])C([H])([H])[C@]([H])(N([H])[H])C4([H])[H])c([H])c([H])c3[H])nn2[H])c1[H],1.0
[H]O[C@]1([H])C([H])([H])N(C([H])([H])c2nc3c(sc4c([H])c([H])c(-c5c([H])c([H])c([H])c([H])c5[H])c([H])c43)c(=O)n2[H])C([H])([H])C1([H])[H],1.0
[H]c1nc([H])c(N([H])C(=O)c2nc(Oc3c([H])c([H])c([H])c([H])c3[H])c([H])c([H])c2N([H])[H])c(N2C([H])([H])C([H])([H])C([H])([H])[C@]([H])(N([H])[H])C2([H])[H])c1[H],1.0
[H]c1nn([H])c([H])c1-c1c([H])c([H])c2c(c(C([H])([H])[H])nn2[H])c1[H],0.0
[H]c1nn(C([H])([H])[H])c(C2([H])C([H])([H])C([H])([H])C([H])(F)C([H])(N([H])[H])C([H])([H])C2([H])[H])c1N([H])C(=O)c1nc(-c2c(F)c([H])c([H])c([H])c2F)sc1N([H])[H],1.0
[H]c1nc([H])c(C([H])([H])[H])nc1-c1c([H])c(F)c2c([H])nn(-c3nc(N4C([H])([H])C([H])([H])N([H])C([H])([H])C([H])([H])C4([H])[H])c([H])c([H])c3[H])c2c1[H],0.0
[H]c1nn(C([H])([H])[H])c(N2C([H])([H])C([H])([H])[C@@]([H])(N([H])[H])C([H])([H])[C@]([H])(OC([H])([H])[H])C2([H])[H])c1N([H])C(=O)c1nc(-c2c(F)c([H])c([H])c([H])c2F)sc1N([H])[H],1.0
[H]c1nc([H])c(N([H])C(=O)c2nc(-c3c(F)c([H])c([H])c([H])c3F)sc2[H])c([C@@]2([H])C([H])([H])[C@@]([H])(N([H])[H])C([H])([H])[C@@]([H])(C([H])([H])[H])C2([H])[H])c1[H],1.0
[H]c1nn(C([H])([H])[H])c(N2C([H])([H])C([H])([H])[C@@]([H])(OC([H])([H])[H])[C@]([H])(N([H])[H])C([H])([H])C2([H])[H])c1N([H])C(=O)c1nc(-c2c(F)c([H])c([H])c([H])c2F)sc1N([H])[H],1.0
[H]/C(=C(/[H])C1([H])C([H])([H])C1([H])[H])c1c([H])c([H])c2sc3c(=O)n([H])c(C([H])([H])N(C([H])([H])[H])C([H])([H])[H])nc3c2c1[H],1.0
[H]c1nc([H])c(C([H])([H])[H])nc1-c1nc([H])c2c([H])c([H])n(-c3nc(N4C([H])([H])C([H])([H])N([H])C([H])([H])C([H])([H])C4([H])[H])c([H])c([H])c3[H])c2c1[H],1.0
[H]O[C@]1([H])C([H])([H])[C@]([H])(c2c([H])c([H])nc([H])c2N([H])C(=O)c2nc(-c3nc([H])c([H])c([H])c3F)c([H])c([H])c2N([H])[H])C([H])([H])[C@]([H])(C([H])([H])[H])[C@]1(O[H])C([H])([H])[H],1.0
[H]c1nc(N([H])[H])c(-c2c([H])c([H])nc([H])c2N([H])C(=O)c2nc(-c3c(F)c([H])c([H])c([H])c3F)c([H])c([H])c2N([H])[H])c([H])c1[H],1.0
[H]c1nc2c(c([H])c1[H])c(N([H])C(=O)c1c([H])nn3c([H])c([H])c(N([H])C([H])([H])C4(F)C([H])([H])C([H])([H])N([H])C([H])([H])C4([H])[H])nc13)c([H])n2[H],1.0
[H]c1nc2c(c([H])c1-c1c(F)c([H])c([H])c([H])c1F)c(N([H])C(=O)c1c([H])nn3c([H])c([H])c(N([H])C([H])([H])C4([H])C([H])([H])C([H])([H])N([H])C([H])([H])C4([H])[H])nc13)c([H])n2[H],1.0
[H]c1nc(C(=O)N([H])c2c([H])c([H])c([H])c([H])c2N2C([H])([H])C([H])([H])C([H])([H])C([H])([H])C2([H])[H])c(N([H])[H])nc1[H],0.0
[H]c1nc(N([H])[H])c([H])c(N2C([H])([H])C([H])([H])C([H])([H])C([H])([H])C2([H])[H])c1N([H])C(=O)c1nc(N([H])C(=O)C([H])([H])[H])sc1[H],0.0
[H]c1nc([H])c(N([H])C(=O)c2nc(C3([H])C([H])([H])C([H])([H])C([H])([H])C([H])([H])C3([H])[H])c([H])c([H])c2N([H])[H])c([C@]2([H])C([H])([H])C([H])([H])C([H])([H])[C@]([H])(N([H])[H])C2([H])[H])c1[H],1.0
[H]Oc1c([H])c([H])c([H])c(N([H])C([H])([H])c2nc3c(sc4c([H])c([H])c(Br)c([H])c43)c(=O)n2[H])c1[H],1.0
[H]c1c([H])c(C([H])([H])C([H])([H])[H])c([H])c([H])c1-c1c([H])c([H])c2sc3c(=O)n([H])c(C([H])([H])N(C([H])([H])[H])C([H])([H])[H])nc3c2c1[H],1.0
[H]c1nc([H])c(N2C([H])([H])C([H])([H])C([H])(N([H])[H])C([H])([H])C2([H])[H])nc1-c1nc([H])c2c(c(-c3c([H])c([H])c([H])c([H])c3F)nn2[H])c1[H],1.0
[H]c1nc([H])c(N([H])C(=O)c2nc(-c3c([H])c([H])c([H])c([H])c3F)c([H])c([H])c2N([H])[H])c(-c2c([H])nc(N([H])[H])c([H])c2[H])c1[H],1.0
[H]c1nc([H])c(C([H])([H])[H])nc1-c1c([H])nc2c([H])nn(-c3nc(N4C([H])([H])C([H])([H])N([H])C([H])([H])C([H])([H])C4([H])[H])c([H])c([H])c3[H])c2c1[H],1.0
[H]c1nc([H])c(C(=O)N([H])c2c([H])nn([H])c2[H])c([H])c1[H],0.0
[H]c1nn(C([H])([H])[H])c(N2C([H])([H])C([H])([H])C([H])([H])[C@]([H])(N([H])C([H])([H])C([H])(F)F)C([H])([H])C2([H])[H])c1N([H])C(=O)c1nc(-c2c(F)c([H])c([H])c([H])c2F)sc1N([H])[H],1.0
[H]c1nc(N([H])[H])c([H])c(-c2c([H])c([H])nc([H])c2N([H])C(=O)c2nc(-c3c([H])c([H])c([H])c([H])c3F)c([H])c([H])c2N([H])[H])c1[H],1.0
[H]c1nc(N([H])[H])nc(-c2c([H])c([H])nc([H])c2N([H])C(=O)c2nc(-c3c(F)c([H])c([H])c([H])c3F)c([H])c([H])c2N([H])[H])c1[H],1.0
[H]O[C@]1([H])C([H])([H])C([H])([H])N(c2c([H])c([H])nc([H])c2N([H])C(=O)c2nc(-c3c(F)c([H])c([H])c([H])c3F)c([H])c([H])c2N([H])[H])C([H])([H])[C@@]1([H])N([H])[H],1.0
[H]c1c([H])c([H])c(C([H])([H])C([H])([H])N([H])C([H])([H])c2nc3c(sc4c([H])c([H])c(Br)c([H])c43)c(=O)n2[H])c([H])c1[H],1.0
[H]c1c([H])c(Cl)c2c(sc3c(=O)n([H])c([H])nc32)c1Cl,1.0
[H]c1c([H])c(-c2c([H])c([H])c3sc4c(=O)n([H])c(C([H])([H])N(C([H])([H])[H])C([H])([H])[H])nc4c3c2[H])c([H])c([H])c1C#N,1.0
[H]c1nn(C([H])([H])[H])c(N2C([H])([H])C([H])([H])C(F)(F)[C@]([H])(N([H])[H])C([H])([H])C2([H])[H])c1N([H])C(=O)c1nc(-c2c(F)c([H])c([H])c([H])c2F)sc1N([H])[H],1.0
[H]c1nn(C([H])([H])[H])c(N2C([H])([H])C([H])([H])C([H])(N([H])[H])C([H])([H])C([H])(F)C2([H])[H])c1N([H])C(=O)c1nc(-c2c(F)c([H])c([H])c([H])c2F)sc1N([H])[H],1.0
[H]O[C@]1([H])C([H])([H])[C@]([H])(c2c([H])c([H])nc([H])c2N([H])C(=O)c2nc(-c3c(F)c([H])c([H])c([H])c3F)nc([H])c2[H])C([H])([H])[C@]([H])(C([H])([H])[H])[C@]1(O[H])C([H])([H])[H],1.0
[H]O[C@@]1([H])C([H])([H])[C@@]([H])(C([H])([H])[H])C([H])([H])[C@@]([H])(c2c([H])c([H])nc([H])c2N([H])C(=O)c2nc(-c3c(F)c([H])c([H])c([H])c3F)c(F)c([H])c2[H])C1([H])[H],1.0
[H]c1nc(N([H])[H])nc(-c2nc(C(=O)N([H])c3c([H])nc([H])c([H])c3N3C([H])([H])C([H])([H])C([H])([H])[C@]([H])(N([H])[H])C3([H])[H])c(N([H])[H])c([H])c2[H])c1[H],1.0
[H]c1nc([H])c([H])c(-c2nc(C(=O)N([H])c3c([H])nc([H])c([H])c3N3C([H])([H])C([H])([H])C([H])([H])[C@]([H])(N([H])[H])C3([H])[H])c(N([H])[H])c([H])c2[H])c1[H],1.0
[H]c1nc(C(=O)N([H])c2c([H])nc([H])c([H])c2N2C([H])([H])C([H])([H])C([H])([H])[C@]([H])(N([H])[H])C2([H])[H])c(N([H])[H])nc1[H],1.0
[H]c1nc([H])c(N([H])C(=O)c2nc(N([H])C(=O)C([H])([H])[H])sc2[H])c(N2C([H])([H])C([H])([H])C([H])([H])C([H])([H])C2([H])[H])c1[H],0.0
[H]c1c(C(=O)N([H])c2c([H])c([H])c([H])c([H])c2N2C([H])([H])C([H])([H])C([H])([H])C([H])([H])C2([H])[H])nc(N([H])[H])c([H])c1[H],0.0
[H]c1nc([H])c(N([H])C(=O)c2nc(C3([H])C([H])([H])C([H])([H])C([H])([H])C([H])([H])C3([H])[H])c([H])c([H])c2N([H])[H])c(N2C([H])([H])C([H])([H])C([H])([H])[C@]([H])(N([H])[H])C2([H])[H])c1[H],1.0
[H]c1nc([H])c(C([H])([H])[H])nc1-c1nc([H])c2snc(-c3nc(N4C([H])([H])C([H])([H])N([H])C([H])([H])C([H])([H])C4([H])[H])c([H])c([H])c3[H])c2c1[H],1.0
[H]c1nn(C([H])([H])[H])c([H])c1-c1nc([H])c2c(c(-c3nc(N4C([H])([H])C([H])([H])[C@@]([H])(N([H])[H])C4([H])[H])c([H])c([H])c3[H])nn2[H])c1[H],1.0
[H]c1nc([H])c(C([H])([H])[H])nc1-c1nc([H])c2c(c(-c3nc(N4C([H])([H])C([H])([H])N([H])C([H])([H])C4([H])[H])c([H])c([H])c3[H])nn2[H])c1[H],1.0
[H]c1nc([H])n(-c2nc([H])c3c(c(-c4nc(N5C([H])([H])C([H])([H])N([H])C([H])([H])C5([H])[H])c([H])c([H])c4[H])nn3[H])c2[H])c1[H],1.0
[H]c1nn(C([H])([H])C#N)c([H])c1-c1nc([H])c2c(c(-c3nc(N4C([H])([H])C([H])([H])N([H])C([H])([H])C4([H])[H])c([H])c([H])c3[H])nn2[H])c1[H],1.0
[H]c1nc(C(=O)N([H])c2c([H])nc([H])c([H])c2N2C([H])([H])C([H])([H])N(C(=O)C([H])([H])C([H])([H])N([H])[H])C([H])([H])C2([H])[H])c(N([H])[H])nc1[H],0.0
[H]c1nc(C(=O)N([H])c2c([H])nc([H])c([H])c2N2C([H])([H])C([H])([H])C([H])([H])C([H])(C([H])([H])N([H])[H])C2([H])[H])c(N([H])[H])nc1[H],1.0
[H]c1nn(C([H])([H])[H])c([H])c1-c1nc([H])c2c(c(-c3c([H])c([H])c([H])c(N4C([H])([H])C([H])([H])C([H])([H])[C@@]([H])(N([H])[H])C4([H])[H])c3[H])nn2[H])c1[H],1.0
[H]c1nn([H])c([H])c1-c1nc([H])c2c(c(C([H])([H])[H])nn2[H])c1[H],0.0
[H]c1nn(C([H])([H])C([H])([H])[H])c([H])c1-c1nc([H])c2c(c(-c3nc(N4C([H])([H])C([H])([H])OC([H])([H])C4([H])[H])c([H])c([H])c3[H])nn2[H])c1[H],1.0
[H]O[C@]1([H])C([H])([H])[C@]([H])(c2c([H])c([H])nc([H])c2N([H])C(=O)c2nc(-c3nc([H])c([H])c([H])c3F)c([H])c([H])c2N([H])[H])C([H])([H])[C@]([H])(C([H])([H])[H])[C@]1(O[H])C([H])([H])C([H])([H])[H],1.0
[H]c1nc(N([H])c2c([H])c([H])c(F)c(Cl)c2[H])c2c([H])c(OC([H])([H])C([H])([H])C([H])([H])N3C([H])([H])C([H])([H])OC([H])([H])C3([H])[H])c(OC([H])([H])[H])c([H])c2n1,0.0
[H]/C(=C1/C(=O)N([H])c2c([H])c([H])c(F)c([H])c21)c1c(C([H])([H])[H])c(C(=O)N([H])C([H])([H])C([H])([H])N(C([H])([H])C([H])([H])[H])C([H])([H])C([H])([H])[H])c(C([H])([H])[H])n1[H],0.0
[H]O[C@@]1([H])c2c(c3c4c([H])c([H])c([H])c([H])c4n4c3c3c2c2c([H])c([H])c([H])c([H])c2n3[C@@]2(C([H])([H])[H])O[C@]4([H])C([H])([H])[C@@]([H])(N(C(=O)c3c([H])c([H])c([H])c([H])c3[H])C([H])([H])[H])[C@@]2([H])OC([H])([H])[H])C(=O)N1[H],0.0
[H]O[C@@]([H])(C([H])([H])N([H])C(=O)c1c(C([H])([H])[H])c(/C([H])=C2\C(=O)N([H])c3c([H])c([H])c(F)c([H])c32)n([H])c1C([H])([H])[H])C([H])([H])N1C([H])([H])C([H])([H])OC([H])([H])C1([H])[H],0.0
[H]c1nc([H])c(-c2c([H])c([H])c3c(c(C([H])([H])[H])nn3[H])c2[H])c([H])c1OC([H])([H])[C@@]([H])(N([H])[H])C([H])([H])c1c([H])c([H])c([H])c([H])c1[H],0.0
[H]c1c([H])c([H])c2c(c1[H])c1c([H])n2C([H])([H])C([H])([H])O[C@]([H])(C([H])([H])N(C([H])([H])[H])C([H])([H])[H])C([H])([H])C([H])([H])n2c([H])c(c3c([H])c([H])c([H])c([H])c32)C2=C1C(=O)N([H])C2=O,1.0
[H]c1c([H])c([H])c(C(=O)N(C([H])([H])[H])[C@]2([H])C([H])([H])[C@@]3([H])O[C@](C([H])([H])[H])(n4c5c([H])c([H])c([H])c([H])c5c5c6c(c7c8c([H])c([H])c([H])c([H])c8n3c7c54)C(=O)N([H])C6([H])[H])[C@]2([H])OC([H])([H])[H])c([H])c1[H],0.0
[H]Oc1c([H])c(O[H])c2c(=O)c([H])c(-c3c([H])c([H])c([H])c([H])c3Cl)oc2c1[C@@]1([H])C([H])([H])C([H])([H])N(C([H])([H])[H])C([H])([H])[C@@]1([H])O[H],0.0
[H]c1nc([H])c(-c2nc(N([H])c3c([H])c(N([H])C(=O)c4c([H])c([H])c(C([H])([H])N5C([H])([H])C([H])([H])N(C([H])([H])[H])C([H])([H])C5([H])[H])c([H])c4[H])c([H])c([H])c3C([H])([H])[H])sc2[H])c([H])c1[H],0.0
[H]c1nc(C([H])([H])N2C([H])([H])C([H])([H])C([H])(n3c([H])c(C4=C(c5c([H])n(C([H])([H])[H])c6c([H])c([H])c([H])c([H])c56)C(=O)N([H])C4=O)c4c([H])c([H])c([H])c([H])c43)C([H])([H])C2([H])[H])c([H])c([H])c1[H],0.0
[H]OC(C#Cc1nc([H])c(OC([H])([H])[C@]2([H])C([H])([H])N([H])C([H])([H])C([H])([H])C2([H])[H])c2c1nc(-c1nonc1N([H])[H])n2C([H])([H])C([H])([H])[H])(C([H])([H])[H])C([H])([H])[H],0.0
[H]Oc1c([H])c([H])c2c(c1[H])c([H])c(-c1nn(C([H])(C([H])([H])[H])C([H])([H])[H])c3nc([H])nc(N([H])[H])c13)n2[H],0.0
CN(C)CC(=O)N1CCC(c2ccc(NC(=O)c3nc(C#N)c[nH]3)c(C3=CCCCC3)c2)CC1.Cl,0.0
[H]c1c([H])c([H])c2c(=O)n(C([H])([H])[H])c(N([H])C(C([H])([H])[H])(C([H])([H])[H])C([H])([H])[H])nc2c1-c1c([H])c2c(n1[H])[C@@]([H])(C([H])([H])[H])N([H])C2=O,1.0
[H]c1c([H])c([H])c([C@]([H])(Oc2c(C(=O)N([H])[H])sc(-n3c([H])nc4c([H])c([H])c(C([H])([H])N5C([H])([H])C([H])([H])N(C([H])([H])[H])C([H])([H])C5([H])[H])c([H])c43)c2[H])C([H])([H])[H])c(C(F)(F)F)c1[H],0.0
CO[C@@H]1[C@H](NCCOCCOCCOCCNC(=O)CCC2=[N+]3C(=Cc4c(C)cc(C)n4[B-]3(F)F)C=C2)C[C@H]2O[C@]1(C)n1c3ccccc3c3c4c(c5c6ccccc6n2c5c31)C(=O)NC4,1.0
[H]OC([H])([H])[C@@]1(O[H])C([H])([H])[C@@]2([H])O[C@]1(C([H])([H])[H])n1c3c([H])c([H])c([H])c([H])c3c3c4c(c5c6c([H])c([H])c([H])c([H])c6n2c5c31)C(=O)N([H])C4([H])[H],1.0
[H]O[C@@]1([H])C([H])([H])[C@@]2([H])O[C@](C([H])([H])[H])(n3c4c([H])c([H])c([H])c([H])c4c4c5c(c6c7c([H])c([H])c([H])c([H])c7n2c6c43)C(=O)N([H])C5=O)[C@]1([H])O[H],1.0
